lemma,include
dad,1
stage,1
cancer,1
chemo,1
lot,1
weight,1
kg,1
cm,1
day,1
min,1
morning,1
coffee,1
car,1
year,1
home,1
psychosis,1
life,1
hell,1
forex,1
trading,1
k,1
win,1
ending,1
cause,1
he,1
trigger,1
paranoia,1
mind,1
game,1
drama,1
guy,1
story,1
shot,1
girl,1
spiral,1
that,1
doc,1
stress,1
episodes,1
answer,1
event,1
not,1
raise,1
diazapam,1
sleep,1
mg,1
invega,1
security,1
numbness,1
exercise,1
stability,1
priority,1
tought,1
med,1
increase,1
symptom,1
change,1
thanks,1
man,1
lookout,1
gods,1
relapse,1
thing,1
soo,1
yea,1
possibility,1
start,1
lung,1
cell,1
boundary,1
time,1
space,1
self,1
health,1
advice,1
issue,1
anxiety,1
period,1
care,1
selve,1
fragile,1
downtime,1
dream,1
angel,1
earth,1
heaven,1
sea,1
hyper,1
video,1
people,1
psych,1
ward,1
relate,1
delusion,1
visit,1
celebrity,1
while,1
voice,1
way,1
medication,1
medications,1
effect,1
death,1
instrument,1
judgement,1
mankind,1
friend,1
humanity,1
mercy,1
one,1
childhood,1
education,1
science,1
sinner,1
prayer,1
kid,1
extent,1
example,1
side,1
aunt,1
&noth,1
atheist,1
spring,1
brain,1
shamble,1
ego,1
ability,1
school,1
iq,1
old,1
sense,1
opinion,1
verse,1
child,1
kingdom,1
humility,1
street,1
think,1
past,1
conversation,1
moment,1
portion,1
occasion,1
feeling,1
schizophrenia,1
prodrome,1
birth,1
world,1
evil,1
power,1
force,1
truth,1
somewhere,1
color,1
tone,1
painting,1
spectrum,1
understand,1
gravity,1
place,1
be,1
good,1
compassion,1
peace,1
clarity,1
direction,1
struggle,1
insight,1
pain,1
depth,1
vulnerability,1
healing,1
>g,1
imperfection,1
effort,1
stuff,1
ambiguity,1
motive,1
choice,1
passion,1
misunderstood,1
action,1
energy,1
Red,1
conflict,1
emotion,1
love,1
rage,1
protection,1
revenge,1
c,1
Power,1
pride,1
zone,1
harm,1
cruelty,1
destruction,1
malice,1
reality,1
extreme,1
fear,1
ignorance,1
darkness,1
light,1
dark,1
concept,1
outlook,1
help,1
poss,1
mindset,1
=b,1
binary,1
kinday,1
skin,1
duality,1
thought,1
perspective,1
folk,1
growth,1
optimism,1
episode,1
worry,1
future,1
spiraling,1
evidence,1
worries,1
schizophrenic,1
yes,1
type,1
bit,1
problem,1
week,1
flare,1
up,1
course,1
internet,1
research,1
advance,1
partner,1
check,1
environment,1
word,1
caution,1
part,1
society,1
relationship,1
exception,1
experience,1
touch,1
tremor,1
hallucination,1
sh,1
idea,1
step,1
country,1
disorder,1
freedom,1
license,1
proffession,1
restriction,1
doctor,1
difference,1
depression,1
person,1
pseudo,1
bizarre,1
alien,1
message,1
realm,1
shorter,1
hour,1
month,1
true,1
diagnosis,1
mood,1
tssris,1
ssris,1
information,1
Ocd,1
motivation,1
prolactin,1
dose,1
combo,1
goal,1
view,1
patient,1
job,1
body,1
magic,1
last,1
boost,1
end,1
p,1
fault,1
none,1
interest,1
m,1
shower,1
hygiene,1
regret,1
beginning,1
journey,1
medicine,1
auditory,1
handful,1
meds,1
dosage,1
antipsychotic,1
illness,1
worse,1
question,1
sex,1
condition,1
drug,1
injection,1
brink,1
ruin,1
affect,1
mania,1
perception,1
level,1
fact,1
lithium,1
spa,1
rock,1
stabilizer,1
water,1
amount,1
samurai,1
knight,1
outburst,1
hypomania,1
residential,1
alogia,1
therapist,1
coping,1
skill,1
suffering,1
ruminating,1
yesterday,1
knife,1
reason,1
mindfulness,1
focus,1
breath,1
habit,1
tip,1
solution,1
rummination,1
>y,1
live,1
situation,1
mom,1
brother,1
y.o.,1
fiancé,1
sister,1
house,1
absence,1
kind,1
leaf,1
switch,1
manufacturing,1
manufacture,1
break,1
intervention,1
path,1
boat,1
f,1
parent,1
housing,1
support,1
wife,1
office,1
low,1
functioning,1
closure,1
afterlife,1
knowledge,1
reduction,1
belief,1
connection,1
mechanism,1
wrong,1
wards,1
onset,1
family,1
idc,1
other,1
uncle,1
visitor,1
hospital,1
dog,1
music,1
nsaid,1
avail,1
cenesthesia,1
tactile,1
sleepe,1
sensation,1
stretching,1
bed,1
area,1
discomfort,1
position,1
talk,1
suicide,1
plane,1
room,1
wood,1
violence,1
madness,1
reply,1
post,1
son,1
heart,1
standard,1
resistant,1
criteria,1
info,1
Cobenfy,1
starter,1
safety,1
concern,1
ag,1
understanding,1
member,1
worker,1
alone,1
suggestion,1
state,1
hug,1
medium,1
tv,1
night,1
sound,1
chain,1
rattling,1
context,1
earplug,1
fluke,1
door,1
bookcase,1
phone,1
amp,1
recording,1
head,1
noise,1
update,1
psychiatrist,1
stimulation,1
control,1
version,1
memory,1
case,1
manager,1
steep,1
decline,1
function,1
rest,1
pleasure,1
shitbag,1
domain,1
rape,1
male,1
robot,1
intrusion,1
hand,1
disability,1
benefit,1
insurance,1
term,1
leave,1
denial,1
severity,1
application,1
detail,1
interviewer,1
recognition,1
government,1
unfit,1
work,1
law,1
letter,1
follow,1
appointment,1
refill,1
authorization,1
down,1
condition.,1
d',1
queen,1
gut,1
feel,1
signal,1
vraylar,1
treatment,1
er,1
programming,1
process,1
trial,1
error,1
favorite,1
twitching,1
random,1
muscle,1
movement,1
downside,1
lb,1
resistent,1
:3,1
sheet,1
akathisia,1
akakthisia,1
psychtherapist,1
capability,1
fan,1
akathisa,1
city,1
positive,1
cost,1
creativity,1
;3,1
recovery,1
reddit,1
resource,1
system,1
network,1
trouble,1
pTSd,1
community,1
caregiver,1
r/SchizoFamily,1
feedback,1
engagement,1
note,1
notice,1
bot,1
moderator,1
subreddit,1
schizofamily,1
psychiatry,1
adjustment,1
order,1
baby,1
business,1
get,1
luxury,1
am,1
today,1
building,1
minimum,1
rent,1
dare,1
graduation,1
procedure,1
ex,1
husband,1
nephew,1
gym,1
independence,1
ground,1
pm,1
awake,1
money,1
encouragement,1
bro,1
workout,1
air,1
will,1
ecouragement,1
olace,1
snow,1
mountain,1
coor,1
banquet,1
name,1
ú,1
ø,1
>',1
communication,1
20mg,1
Aripiprazole,1
Olanzapin,1
evening,1
piano,1
motor,1
diet,1
pressure,1
piece,1
expressiveness,1
playing,1
musician,1
harp,1
orchestra,1
read,1
brexpiprazole,1
sharing,1
performer,1
childrens,1
alot,1
operas,1
show,1
hearing,1
song,1
chopin,1
amateur,1
keyboardist,1
guitarist,1
count,1
edit,1
guitar,1
.wav,1
files,1
fingerstyle,1
invitation,1
keyboard,1
church,1
decide,1
play,1
ig,1
beat,1
ex-boyfriend,1
history,1
namely,1
behavior,1
text,1
soul,1
soulmate,1
trip,1
edible,1
cheat,1
default,1
breakup,1
accusation,1
character,1
psychiatic,1
behaviors,1
stretch,1
discussion,1
use,1
probability,1
result,1
disclaimer,1
compose/?to=/r/schizophrenia,1
lack,1
empathy,1
clue,1
professor,1
psychology,1
incident,1
activity,1
class,1
group,1
point,1
tooth,1
email,1
exchange,1
crap,1
boyfriend,1
cafeteria,1
table,1
left,1
misdiagnose,1
reaction,1
sentence,1
participation,1
characteristic,1
academia,1
token,1
polite,1
fun,1
line,1
psychologist,1
practice,1
hope,1
senseeee,1
l,1
tryptophan,1
clozapine,1
inspiration,1
article,1
creep,1
teacher,1
screaming,1
rambling,1
haldol,1
pig,1
diagnose,1
provider,1
bad,1
doozy,1
aftershock,1
deja,1
vu,1
food,1
ddn,1
repeat,1
cant,1
nurse,1
explanation,1
sign,1
finding,1
patterns,1
awareness,1
circle,1
loss,1
complex,1
ignore,1
intelligent,1
shit,1
intuition,1
therapy,1
peer,1
specialist,1
matter,1
intensity,1
where,1
olanzapine,1
sedation,1
ejaculation,1
blockade,1
lobido,1
student,1
erection,1
prostate,1
gen,1
depod,1
ejaculating,1
dos,1
Thats,1
risperidone,1
chicken,1
limit,1
manboob,1
gain,1
prolactine,1
Ejaculation,1
amisulpride,1
proclactine,1
constipation,1
hunger,1
meal,1
cholesterol,1
dopamine,1
aripiprazole,1
allow,1
bone,1
metabolism,1
option,1
stay,1
cognition,1
libido,1
apartment,1
shroom,1
coworker,1
frat,1
mate,1
ex-gf,1
Facebook,1
rant,1
asap,1
police,1
danger,1
glimpse,1
writing,1
drawing,1
wall,1
meantime,1
call,1
relief,1
diagnostician,1
bipolar,1
breakdown,1
host,1
birthday,1
bunny,1
gift,1
Amiibos,1
collection,1
movie,1
news,1
sorbet,1
swim,1
goodness,1
weather,1
rainy,1
panic,1
''i,1
legit,1
masturbation,1
joke,1
ass,1
peni,1
bunch,1
dinner,1
tounge,1
afterwards,1
woman,1
Resonance,1
test,1
blond,1
hair,1
horn,1
handjob,1
blowjob,1
penis,1
meter,1
front,1
eyes,1
intercourse,1
cover,1
hotel,1
blood,1
boy,1
pimp,1
move,1
driver,1
flashing,1
delivery,1
scene,1
humor,1
prude,1
porno,1
vision,1
theater,1
tran,1
hallway,1
doorway,1
release,1
form,1
drop,1
lower,1
combination,1
storm,1
periods,1
pill,1
hormone,1
replacement,1
paranoid,1
uptick,1
cycle,1
leg,1
tonight,1
chair,1
eye,1
religion,1
sort,1
response,1
team,1
no,1
parte,1
judge,1
stroke,1
attack,1
couple,1
cop,1
tranquilizer,1
hit,1
income,1
murder,1
daughter,1
faith,1
fianc,1
oz,1
drink,1
chip,1
cigarette,1
gas,1
station,1
bag,1
voltage,1
can,1
dew,1
fridge,1
cherry,1
Pepsi,1
a,1
arrangement,1
shadow,1
corner,1
shook,1
injury,1
blip,1
deficiencies,1
fatigue,1
gaps,1
look,1
conclusion,1
phrase,1
shortcut,1
mistakes,1
electricity,1
bowl,1
Brains,1
prison,1
counselor,1
road,1
out,1
counseling,1
anger,1
accident,1
mother,1
rights,1
contact,1
illusion,1
input,1
Hallucination,1
face,1
shadows,1
item,1
dumb,1
id,1
thoive,1
Disorder,1
thinking,1
behavuor,1
se,1
category,1
Stpd,1
Szpd,1
schizo,1
criterias,1
DSm,1
Tr,1
Icd,1
pdf,1
website,1
criterion,1
professional,1
study,1
symptomology,1
overlap,1
dot,1
Psychiatrist,1
antidepressant,1
diazepam,1
relaxation,1
temazepam,1
PRN,1
risk,1
share,1
tabloid,1
press,1
submission,1
rule,1
misinformation,1
litany,1
misconception,1
shill,1
list,1
topics,1
Modmail,1
https://www.reddit.com/message/compose?to=r/schizophrenia&amp;subject=Rule+13+Misinformation,1
claim,1
anecdote,1
page,1
mouth,1
bloodwork,1
terrible,1
nonexistent,1
hospitalization,1
changer,1
regimen,1
hassle,1
admission,1
-compliance,1
cross,1
taper,1
attempt,1
''Good,1
like,1
number,1
agranulocytosis,1
zyprexa,1
pound,1
flippin,1
abilify,1
diabete,1
degree,1
>7,1
chance,1
wonder,1
fence,1
catatonia,1
lorazepam,1
neutropenia,1
drool,1
miracle,1
no.,1
hoard,1
gabapentin,1
Pregabalin,1
instability,1
glow,1
appearance,1
household,1
persona,1
necessity,1
functionality,1
tiredness,1
joy,1
vibe,1
little,1
misery,1
happiness,1
>w,1
thrive,1
age,1
role,1
curiosity,1
panny,1
match,1
rope,1
splash,1
choke,1
hold,1
back,1
dude,1
amusement,1
surprise,1
hilarity,1
link,1
highlight,1
mark,1
belly,1
buster,1
laughter,1
idk,1
consistency,1
routine,1
neurodivergent,1
walk,1
supplement,1
glass,1
lt,1
millisecond,1
mistake,1
deppressing,1
ilness,1
anhedonia,1
unhappiness,1
label,1
Hypervigilance,1
kinda,1
vape,1
book,1
hobby,1
walking,1
bike,1
handlebar,1
computer,1
gam,1
beach,1
connect,1
beauty,1
thief,1
flame,1
decade,1
monster,1
stoicism,1
atm,1
neighbor,1
Sadness,1
17yr,1
crisis,1
opportunity,1
php,1
program,1
aa,1
anon,1
hr,1
PHP,1
technique,1
inpatient,1
Inpatient,1
healthcare,1
girlfriend,1
personality,1
shell,1
customer,1
salesperson,1
interaction,1
lil,1
smile,1
mask,1
service,1
barista,1
sale,1
phrasis,1
confidence,1
ticket,1
chipper,1
groove,1
nature,1
privilege,1
draw,1
individual,1
stigma,1
foster,1
spirituality,1
investment,1
plate,1
feather,1
strangers,1
en-masse,1
bc,1
topic,1
shaman,1
tiktok,1
thread,1
media,1
hashtag,1
believe,1
being,1
=1=1=1,1
comment,1
human,1
subject,1
want,1
cheer,1
meditation,1
mudra,1
chakra,1
mantra,1
sitting,1
practitioner,1
guider,1
session,1
ideation,1
skeptic,1
value,1
transcendence,1
empiricism,1
basis,1
means,1
extrem,1
style,1
living,1
super,1
take,1
schizophrenics,1
nonsense,1
fortune,1
hawk,1
Delusion,1
vocal,1
synchronicity,1
branch,1
trauma,1
importance,1
castle,1
sky,1
mention,1
Jung,1
follower,1
fantasy,1
suffer,1
escapism,1
assigning,1
cigar,1
reminder,1
quote,1
mentor,1
Jng,1
say,1
reference,1
psychoanalysis,1
attraction,1
angels,1
astrology,1
fate,1
universe,1
teaching,1
master,1
consciousness,1
ager,1
teach,1
we,1
sub,1
weed,1
incoming,1
model,1
influence,1
stressor,1
observation,1
substance,1
abuse,1
spiritualist,1
ideology,1
fuel,1
fire,1
discernment,1
skepticism,1
genuine,1
scientist,1
product,1
immersion,1
culture,1
megaphone,1
factor,1
gullibility,1
susceptibility,1
conspiracy,1
instance,1
crystal,1
spell,1
cult,1
=g,1
metaphysic,1
discipline,1
yessss,1
pattern,1
source,1
mixture,1
jan23,1
tarot,1
reading,1
title,1
hinge,1
ex',1
off,1
march,1
grandmother,1
believer,1
spirit,1
guide,1
series,1
favour,1
april,1
titles,1
turning,1
exam,1
pick,1
card,1
may,1
location,1
account,1
address,1
picture,1
smoke,1
finances,1
june,1
camera,1
app,1
iphone,1
ipad,1
complaint,1
report,1
mspy,1
notification,1
worsee,1
celeb,1
orphan,1
insanity,1
reader,1
helpline,1
Tarot,1
tool,1
development,1
do,1
prediction,1
career,1
bpd,1
ton,1
dr,1
efficacy,1
benzo,1
Aps,1
need,1
Mood,1
Sje,1
therapists,1
Dr,1
purview,1
responsibility,1
luck,1
gf,1
experiences,1
hesitant,1
bet,1
meniere,1
disease,1
balance,1
damage,1
inflammation,1
region,1
dysfunction,1
motion,1
film,1
walker,1
cane,1
ataxia,1
gait,1
coordination,1
railing,1
seat,1
astigmatism,1
=d,1
Antipsychotic,1
Ménière,1
ear,1
theory,1
autoimmune,1
component,1
target,1
site,1
merit,1
COVID,1
pot,1
top,1
challenge,1
mean,1
much,1
success,1
storie,1
crazy,1
cobenfy,1
mid-dose,1
vengeance,1
desert,1
lunch,1
comparison,1
ap,1
spending,1
spouse,1
pet,1
tomorrow,1
grasp,1
passing,1
ergo,1
opposite,1
confusion,1
speech,1
behaviour,1
presentation,1
behavio,1
sympton,1
miscommunication,1
reagila,1
nightmare,1
equation,1
regime,1
depressant,1
department,1
bowel,1
tumor,1
wit,1
aspect,1
predict,1
hypochondriac,1
record,1
liver,1
ease,1
strain,1
nerve,1
urine,1
spot,1
spine,1
rehabilitation,1
background,1
proof,1
attention,1
linear,1
distrust,1
doofus,1
stranger,1
pedo,1
improvement,1
hinderance,1
burden,1
clock,1
scenario,1
scan,1
authority,1
unknown,1
distraction,1
TV,1
silence,1
logic,1
shoulder,1
Quitipine,1
sustenna,1
quitpine,1
price,1
tag,1
cent,1
testimony,1
imbalance,1
write,1
chest,1
recluse,1
appearnance,1
cannabis,1
dads,1
package,1
unaware,1
alarm,1
bell,1
alter,1
appear,1
counselling,1
terror,1
'my,1
mum,1
sis,1
pervy,1
personalitie,1
content,1
turn,1
demon,1
sence,1
sage,1
psychic,1
entity,1
aura,1
warfare,1
patch,1
medictaion,1
flicker,1
roon,1
awe,1
feature,1
glory,1
existence,1
resilinece,1
scripture,1
saviour,1
authrotity,1
worship,1
load,1
prince,1
reward,1
eternity,1
throne,1
p.s.,1
apology,1
cba,1
destiny,1
web,1
lie,1
father,1
sins,1
ammunition,1
taste,1
max,1
syrup,1
veggy,1
revulsion,1
lemon,1
cake,1
tastebud,1
span,1
hefty,1
cocktail,1
bud,1
nauseating,1
half,1
flavor,1
.''I,1
senator,1
resolution,1
paperwork,1
portal,1
''Edit,1
''a,1
'it,1
him'living,1
artist,1
english,1
language,1
consent,1
medicines,1
cariprazina,1
midst,1
chaos,1
courage,1
outcome,1
strength,1
wish,1
litter,1
spread,1
vacuum,1
cat,1
furniture,1
clutter,1
kitchen,1
bedroom,1
stove,1
microwave,1
toilet,1
clean,1
Clutter,1
grocery,1
center,1
cereal,1
box,1
pack,1
paper,1
towel,1
roll,1
laundry,1
basket,1
middle,1
window,1
shimmy,1
organizing,1
teens,1
hang,1
cleaning,1
slip,1
chunk,1
crusty,1
Contamination,1
biohazard,1
hazard,1
tripping,1
sink,1
tub,1
inspection,1
nighter,1
cleaner,1
>p,1
fit,1
kiddo,1
pic,1
representation,1
https://m.youtube.com/watch?v=63lhugmbscu&amp;pp=ygugc2noaxpvcghyzw5pysbzaw11bgf0aw9uigdyb2nlcnnsbwkjsakbhyohjo8%3d,1
commentary,1
reinforce,1
staticky,1
pharma,1
command,1
tho,1
messaging,1
communications,1
screen,1
code,1
insertion,1
decode,1
pizza,1
ant,1
bread,1
corruption,1
sensis,1
jerk,1
posion,1
portrayal,1
creature,1
simulation,1
e,1
intent,1
desire,1
staff,1
gross,1
sanity,1
intact,1
liiiiiiiiiittle,1
=c,1
rockin,1
yr,1
20,1
scary,1
beforehand,1
outside,1
device,1
haha,1
inability,1
bill,1
fuck,1
debt,1
fee,1
emergency,1
grand,1
Schizogram,1
user,1
social,1
right,1
dashcam,1
poster,1
'Thank,1
niche,1
&lt,1
ps,1
dash,1
cam,1
persecution,1
fix,1
trash,1
derision,1
asshole,1
clarifying,1
promotion,1
accomplishment,1
dish,1
dishwasher,1
nonstop,1
nausea,1
genetic,1
calory,1
carb,1
intake,1
anti-psychotic,1
metabolite,1
lesser,1
mile,1
metformin,1
Adhd,1
latuda,1
again,1
tramadol,1
Proteins,1
yogurt,1
meat,1
egg,1
protein,1
powder,1
bar,1
grain,1
oat,1
suppressant,1
broccoli,1
salt,1
pepper,1
summary,1
exemption,1
requirement,1
congress,1
coverage,1
Exemptions,1
Exemption,1
>*must,1
postpartum,1
inmate,1
institution,1
fall,1
guardians,1
caretaker,1
veteran,1
rating,1
>**,1
frail,1
disabling,1
Tanf,1
recipient,1
alcohol,1
choose,1
hardship,1
acuity,1
amendment,1
disaster,1
https://aboutblaw.com/bigd''It's,1
document,1
funny,1
lability,1
thoughts,1
tickle,1
lolol,1
impact,1
idiot,1
rn,1
recommandation,1
songs,1
Diary,1
freak,1
lyric,1
lyricist,1
bassist,1
perfection,1
stone,1
Lost,1
miss,1
soundtrack,1
try,1
citizen,1
soldier,1
variety,1
louder,1
train,1
hurt,1
territory,1
texting,1
;3''Anyway,1
productivity,1
fog,1
register,1
seconds,1
math,1
snap,1
decision,1
>z,1
adjust,1
investigation,1
babe,1
someday,1
club,1
Â,1
=.,1
admittance,1
party,1
machine,1
adapt,1
dullness,1
victories,1
meth,1
ghost,1
expert,1
gender,1
assault,1
isolation,1
drive,1
mix,1
quality,1
run,1
writer,1
art,1
pop,1
headspace,1
vehicle,1
long,1
peripheral,1
af,1
horror,1
realization,1
curb,1
neighborhood,1
taxi,1
angle,1
headlight,1
lights,1
passenger,1
taillight,1
dim,1
Xenogear,1
concert,1
homosexuality,1
poo,1
compulsion,1
identity,1
bus,1
'i,1
fart,1
meng,1
butt,1
backwards,1
processing,1
cord,1
ppl,1
homosexual,1
different,1
route,1
lens,1
gay,1
brush,1
similarity,1
hear,1
stimuli,1
prophecy,1
doom,1
disconnect,1
intrusive,1
þ,1
sexuality,1
act,1
shock,1
Thought,1
stick,1
ours,1
okay,1
gathering,1
element,1
imagination,1
aphantasia,1
monologue,1
alert,1
nail,1
salon,1
massage,1
=',1
psychotic,1
r/loseit,1
faq,1
r/bodyweightfitness,1
keto,1
youtuber,1
downsides,1
cholesterol.,1
r/keto,1
''r,1
volumeeating,1
plug,1
ice,1
cream,1
brand,1
crebe,1
pint,1
store,1
craving,1
topamax,1
glp,1
silencing,1
injectiond,1
cus,1
average,1
agoraphobia,1
foggy,1
Joy,1
plaisir,1
illuminate,1
='s,1
Seroquel,1
y,1
maniac,1
=-=',1
unconsciousness,1
laugh,1
chill,1
patience,1
supervisor,1
smoking,1
\*i,1
friends',1
temperature,1
mess,1
adoption,1
rdt,1
motherhood,1
breastfeeding,1
parenting,1
sweaty,1
rift,1
marriage,1
rate,1
guarantee,1
college,1
ptsd,1
complication,1
sz,1
phase,1
basic,1
enemy,1
autism,1
essential,1
field,1
museum,1
library,1
allowance,1
matters,1
pregnancy,1
breastfeed,1
bf,1
godson,1
handle,1
tasnks,1
tobacco,1
THC,1
cart,1
addiction,1
flower,1
dabs,1
accessory,1
frustration,1
detox,1
turkey,1
weening,1
carton,1
hemp,1
cbd,1
havent,1
drinking,1
quit,1
nicotine,1
seer,1
googling,1
1960,1
referral,1
subtype,1
lifestyle,1
season,1
must,1
handcuffs,1
crime,1
backing,1
bia,1
lifetime,1
thereof,1
maintenance,1
prophet,1
cyclothymia,1
swing,1
buddha,1
counting,1
spinning,1
flaw,1
blessing,1
curse,1
cabbage,1
companion,1
bond,1
structure,1
validation,1
trooper,1
divination,1
veil,1
worldg,1
oracle,1
deck,1
chart,1
training,1
Reiki,1
assignment,1
wave,1
grandma,1
'as,1
''it,1
associations,1
belt,1
torture,1
agreement,1
gnostic,1
jehovah,1
mentality,1
excuse,1
god,1
war,1
sza,1
juggling,1
ball,1
chaptgpt,1
replica,1
tw,1
regard,1
passage,1
transition,1
cycling,1
warning,1
symbolism,1
Trump,1
b,1
dread,1
assessment,1
hearer,1
figure,1
behalf,1
13th,1
insomnia,1
caffeine,1
sleeping,1
aid,1
restlessness,1
tension,1
sedative,1
aggression,1
fewer,1
resort,1
tachicardia,1
propanolol,1
testing,1
=o,1
sm,1
aftermath,1
exhausting,1
grap,1
fairylight,1
threat,1
reduce,1
effectiveness,1
schizophrenia'g,1
metaphor,1
pit,1
despair,1
basics,1
pHp,1
meeting,1
PHp,1
exhaustion,1
balancing,1
achievement,1
exprerssion,1
without,1
8th,1
grade,1
zombie,1
APs,1
tab,1
profession,1
millionaire,1
singer,1
actor,1
star,1
businessman,1
assistant,1
paliperidone,1
noticable,1
btw,1
continent,1
thousand,1
tutoring,1
philosophy,1
university,1
tot,1
graduate,1
brute,1
persistence,1
thesis,1
capacity,1
tutor,1
gig,1
poem,1
pension,1
regards,1
pregabalin,1
lasting,1
pathology,1
lab,1
technologist,1
disqualify,1
deficit,1
colleague,1
provence,1
clearance,1
crack,1
lawyer,1
fight,1
bruise,1
shoe,1
schzopernia,1
victim,1
perpetrator,1
majority,1
tendency,1
argument,1
plenty,1
seizure,1
date,1
epilepsy,1
whike,1
coat,1
intimacy,1
waste,1
heartbreak,1
dealbreaker,1
heartache,1
know,1
Drs,1
rehab,1
withdrawal,1
consequence,1
healer,1
galaxy,1
crashing,1
telepathy,1
changeling,1
fairyfolk,1
feelings,1
ish,1
odeff,1
neighbours,1
cams,1
chef,1
place.at,1
risperridonen,1
setraline,1
spider,1
momth,1
prob,1
sack,1
greeting,1
avolition,1
symtom,1
generation,1
minute,1
suggest,1
;400,1
6mg,1
cortex,1
gt,1
cure,1
recalle,1
memorising,1
receptor,1
fantazy,1
abit,1
peak,1
track,1
potential,1
aggressiveness,1
masterpiece,1
tracks,1
DMs,1
impression,1
calisthenic,1
chess,1
strategy,1
sake,1
bird,1
yard,1
outlier,1
expectancy,1
remission,1
ibuprofen,1
Tylenol,1
docile,1
psychopath,1
im,1
destruct,1
manic,1
begin,1
person'gaining,1
psychosis'a,1
protector,1
=-.,1
Did,1
strenght,1
guess,1
dissociation,1
iFs,1
purpose,1
counterpart,1
adult,1
firefighter,1
exile,1
Osdd,1
alters,1
IFS,1
forums,1
accept,1
fucking,1
bug,1
apologies,1
tendencay,1
nap,1
clonazepam,1
what,1
benztrophine,1
commenter,1
prescription,1
counter,1
anticholingeric,1
cogentin,1
nut,1
diesease,1
inside,1
truck,1
urge,1
la,1
vie,1
kindle,1
videogame,1
runescape,1
distance,1
everyday,1
ten,1
times',1
Therapists,1
psychiatrists,1
hotline,1
plan,1
traumatize,1
washing,1
pixie,1
length,1
in,1
waitlist,1
clinic,1
Gp,1
comorbidity,1
consult,1
lead,1
momentum,1
socializing,1
hobbie,1
psychotherapy,1
prescriber,1
recommendation,1
routines,1
skincare,1
database,1
boards,1
journal,1
access,1
takeaway,1
description,1
hopework,1
log,1
notion,1
data,1
2Fa,1
stable,1
animal,1
dedication,1
endeavou,1
Crippling,1
loneliness,1
Loneliness,1
autopilot,1
phsyciatrist,1
dosent,1
remedy,1
tik,1
tok,1
Fortnite,1
laptop,1
pretense,1
paycheck,1
cash,1
essay,1
ariprazole,1
stole,1
puberty,1
crushing,1
nothingness,1
somehow,1
comfort,1
wow,1
acute,1
concentrating,1
expression,1
troubling,1
puff,1
tolerance,1
non,1
camp,1
straight,1
consideration,1
mushroom,1
psychedelic,1
diesel,1
puffs,1
Thc,1
ty,1
marijuana,1
hallucinogen,1
>ö,1
<ü,1
crop,1
risks,1
persist,1
shame,1
sand,1
backward,1
neck,1
oman,1
review,1
bitch,1
psychologytoday,1
zoelife,1
patio,1
voodoo,1
eating,1
takeout,1
dining,1
panicky,1
maker,1
cariprazine,1
risperido,1
agomelatine,1
mist,1
paragraph,1
chapter,1
find,1
bottle,1
filter,1
stomach,1
task,1
rhyme,1
invent,1
grip,1
Man,1
shrug,1
deprivation,1
shift,1
asleep,1
Recap,1
rut,1
pushup,1
h,1
jk,1
rush,1
adrenaline,1
arise,1
burnout,1
doubt,1
insipration,1
faculity,1
ourselves,1
abudance,1
leap,1
despite,1
haven,1
5d,1
coin,1
drawer,1
Dm,1
hermit,1
3'g,1
nuance,1
unease,1
displacement,1
sample,1
experiment,1
towards,1
4d,1
reach,1
crohn,1
esteem,1
mirror,1
worlds,1
virgin,1
norm,1
floor,1
dirty,1
clothes,1
closet,1
dresser,1
couch,1
dryer,1
outfit,1
sweat,1
finish,1
:p,1
victory,1
congrat,1
scale,1
donation,1
shirt,1
tossing,1
underwear,1
clothing,1
emotions,1
foot,1
acknowledge,1
racing,1
intelligence,1
patterning,1
dulling,1
shutdown,1
defense,1
apeshin,1
frame,1
occurs,1
surroundings,1
wreck,1
triggering,1
NOS,1
board,1
devolving,1
upkeep,1
mission,1
salvation,1
positivity,1
pp,1
resonance,1
drawe,1
jt,1
appetite,1
ft,1
hack,1
lighter,1
breathing,1
Instruction,1
soup,1
merry,1
tcannabis,1
humour,1
hullcination,1
th,1
Earbuds,1
gum,1
4kg,1
fish,1
oil,1
rhythm,1
sober,1
km,1
soapy,1
cloth,1
sponge,1
bath,1
mop,1
bucket,1
tablet,1
bang,1
swish,1
rinse,1
xylitol,1
hygienist,1
mouthwash,1
enticing,1
toothpaste,1
minion,1
finger,1
guard,1
clenching,1
saltwater,1
Saltwater,1
pants,1
dance,1
pair,1
sock,1
washroom,1
bedding,1
project,1
involves,1
hydration,1
lion,1
methylfolate,1
classis,1
lotus,1
relax,1
cut,1
net,1
planner,1
company,1
double,1
disturbance,1
pause,1
Gpt,1
alchohol,1
sensitivity,1
rid,1
blaring,1
stimulant,1
teen,1
park,1
sun,1
cig,1
convenience,1
beer,1
sell,1
inhaler,1
sunset,1
soda,1
snack,1
tea,1
suit,1
lollipops,1
shisha,1
shop,1
stand,1
ins,1
excess,1
months,1
Rebound,1
:'https://www.reddit.com/r/schizophrenia/s/2sO5cHcleC''Edit,1
.'https://iris.who.int/bitstream/handle/10665/63837/who_msa_nam_97.6.pdf?sequence=1&amp;isallowed=y'(,1
section,1
Edit,1
guidance,1
compliant,1
pediatrician,1
rainbow,1
unicorn,1
flu,1
unit,1
persons,1
documentation,1
binder,1
adulthood,1
'1,1
sTEREOTYPEs,1
file,1
Md,1
tinfoil,1
theories,1
toddler,1
'3,1
specifics,1
frequency,1
salad,1
details,1
compliance,1
witness,1
GP,1
difficulty,1
communicating,1
impairment,1
correspondance,1
treatament,1
bio,1
temperament,1
mild,1
permission,1
ambulance,1
button,1
'5,1
kindness,1
consensus,1
mal,1
practioner,1
psyquiatrist,1
Things,1
travel,1
gamble,1
elementary,1
landscape,1
scarier,1
secret,1
Cto,1
distress,1
odd,1
repairman,1
dystopia,1
blend,1
blast,1
siren,1
heal,1
testosterone,1
Trt,1
steroid,1
v,1
tbh,1
defficient,1
estrogen,1
masc,1
range,1
approval,1
500mg,1
trt,1
-free,1
niacin,1
hrt,1
teenage,1
image,1
thesteey,1
thyroid,1
T3.,1
Reddit,1
transman,1
cisgender,1
masculine,1
exercising,1
fitness,1
debate,1
female,1
multitude,1
trait,1
liability,1
inhibitor,1
chemistry,1
progesterone,1
introduction,1
hemoglobin,1
flash,1
acne,1
killer,1
funeral,1
ofc,1
surgery,1
dm,1
x,1
Transition,1
tax,1
ruff,1
blunt,1
scope,1
crew,1
qualifications,1
cook,1
industry,1
SSDI,1
warehouse,1
management,1
contributor,1
temp,1
agency,1
Neet,1
accommodation,1
cartoon,1
advantage,1
grad,1
industries,1
internship,1
placement,1
limitation,1
chat,1
land,1
make,1
Olanzapine,1
><e,1
4>'g,1
chemical,1
serotonin,1
saver,1
schiz,1
syndrome,1
creepy,1
Tl,1
phenomenon,1
quetiapine,1
whisper,1
antipsych,1
advocate,1
cock,1
mod,1
seroquel,1
haloperidol,1
op,1
Dosage,1
mystery,1
murderer,1
Manufacturing,1
shortage,1
ngl,1
*re,1
poop,1
grass,1
wildlife,1
plant,1
whore,1
-cut,1
negativity,1
lecture,1
-contact,1
r/schizofamily,1
corpse,1
sport,1
cotard,1
charity,1
curricular,1
tattoo,1
vein,1
bullet,1
roam,1
brick,1
haze,1
spark,1
sway,1
pull,1
tending,1
''I,1
rytman,1
audio,1
presence,1
cry,1
acceptance,1
û,1
arigatout,1
gozaimasu,1
Rehabilitation,1
seriousness,1
sobriety,1
hyperactivity,1
constant,1
psychiatric,1
imposter,1
campus,1
discord,1
deal,1
green,1
pony,1
intro,1
companionship,1
summa,1
cum,1
laude,1
dyskinesia,1
.'',1
clozaril,1
alcoholic,1
addict,1
prognosis,1
bachelor,1
biology,1
minor,1
multiple,1
shoppe,1
holiday,1
soap,1
organizer,1
hoarding,1
filth,1
possession,1
headach,1
object,1
tint,1
grounding,1
glassis,1
lighting,1
overload,1
y'all,1
sunglasse,1
solidarity,1
tent,1
kitten,1
Kitty,1
mama,1
Sanity,1
retail,1
backroom,1
momment,1
scars,1
guilty,1
ceiling,1
landlord,1
melatonin,1
dreaming,1
metronome,1
concentration,1
gaze,1
remediation,1
neuron,1
basketball,1
speed,1
novel,1
zap,1
pathway,1
academy,1
https://www.youtube.com/watch?v=6d,1
\_yOm6bjkw,1
enlargement,1
zaps,1
desperation,1
baseline,1
Medication,1
progress,1
distinction,1
unwell,1
'Hence,1
stint,1
yo,1
bizkit,1
parking,1
sickness,1
rot,1
preference,1
milder,1
Avolition,1
Asociality,1
poverty,1
block,1
ritalin,1
irl,1
surface,1
evaluation,1
availability,1
speaker,1
doppelganger,1
consultation,1
conscience,1
bodysnatcher,1
division,1
edge,1
shade,1
photoshop,1
shine,1
shiny,1
predator,1
picu,1
similary,1
flashback,1
conformity,1
wellness,1
ì,1
summer,1
sleepiness,1
suck,1
typo,1
saline,1
'Third,1
tranqulizer,1
sleep',1
templeg,1
round,1
voices',1
fade,1
u.s.,1
con,1
Detox,1
effects.,1
bubble,1
weakness,1
cascading,1
agonist,1
offending,1
pacing,1
corrector,1
biperiden,1
mirtzapine,1
propranolol,1
mirtazapine,1
docs,1
neurologist,1
pickle,1
vitamin,1
deficiency,1
magnesium,1
blockage,1
divine,1
blanket,1
citrate,1
regulator,1
throughout,1
footstep,1
doorbell,1
ring,1
-stop,1
zolpidem,1
alarms,1
guilt,1
prejudice,1
'in,1
flipping,1
electronics,1
programmer,1
dev,1
employee,1
thirds,1
curve.and,1
shopping,1
hide,1
garden,1
reassurance,1
e',1
substitute,1
credential,1
flair,1
expertise,1
determiner,1
else,1
stepfather,1
aswell,1
ocd,1
cptsd,1
classic,1
apathy,1
wot,1
neg,1
herb,1
5th,1
milk,1
pt,1
forum,1
cast,1
castor,1
puppets,1
wheel,1
pinpoint,1
pens,1
OC,1
OCs,1
artfight,1
treadmill,1
hamster,1
stop,1
olanzapene,1
Irl,1
=m,1
fd,1
outlet,1
atleast,1
condiciong,1
hmu,1
ginger,1
orc,1
pfp,1
Dnd,1
monk,1
warlock,1
homebrew,1
patron,1
Inspiration,1
campaign,1
flush,1
gaming,1
tangent,1
contents,1
cheeseburger,1
material,1
lady,1
second,1
hole,1
transplant,1
bits,1
yk,1
closing,1
alone.life,1
Psych,1
traumatic,1
Megathread,1
first,1
advertising,1
Invites,1
1st,1
invite,1
server,1
practices,1
r/schizophrenia,1
duty,1
amp;#x200b,1
amnesia,1
recollection,1
conviction,1
toy,1
delay,1
preschool,1
socialization,1
measure,1
bulimia,1
wrapper,1
puke,1
tact,1
accordance,1
misdiagnosis,1
reciprocity,1
regulation,1
abandonment,1
hallmark,1
disabilitie,1
cow,1
intentions,1
verbatim,1
attitude,1
mistreatment,1
airport,1
crush,1
headphone,1
canceling,1
headset,1
earbud,1
nose,1
quietcomfort,1
flight,1
sony,1
bose,1
airpod,1
heapset,1
size,1
adapter,1
monitor,1
shake,1
ve,1
Picu,1
Redditor,1
resting,1
semester,1
desk,1
serious,1
threatening,1
valley,1
burne,1
wfh,1
defeat,1
doordash,1
ethic,1
kung,1
boarding,1
coach,1
le,1
stagehand,1
production,1
avenue,1
certification,1
employer,1
it,1
headache,1
imo,1
market,1
search,1
engine,1
freelance,1
coding,1
pace,1
photographer,1
fiver,1
mammogram,1
Dbout,1
Mindfulness,1
journaling,1
sugar,1
restrain,1
dairy,1
wheat,1
stories,1
crow,1
grudge,1
ancestor,1
town,1
acquaintance,1
cafe,1
flirting,1
platform,1
Discord,1
incidents,1
lunatic,1
confrontation,1
script,1
radio,1
ex-girlfriend,1
witch,1
bathroom,1
jealousy,1
obsession,1
suspect,1
messages,1
enforcement,1
spray,1
agitation,1
themselves,1
fixation,1
erotomania,1
lingering,1
timing,1
amphetamine,1
predisposition,1
upbringing,1
brokis,1
rollin,1
calorie,1
savoury,1
granola,1
pie,1
retention,1
supervision,1
vomit,1
reflux,1
diarrhea,1
consumption,1
interfere,1
cramp,1
bout,1
awakening,1
acting,1
quadrupling,1
guideline,1
manufacturer,1
prominent,1
regardlress,1
rebaound,1
hospice,1
shelter,1
haunting,1
addition,1
nowhere,1
arrear,1
afternoon,1
trap,1
verdict,1
mgt,1
bottom,1
midnight,1
settle,1
respond,1
disturbing,1
neigbor,1
minus,1
schizospectra,1
artwork,1
display,1
signature,1
league,1
legend,1
champion,1
teenager,1
demeanour,1
Clozapine,1
improveament,1
kilo,1
same,1
remnants,1
sight,1
caplyta,1
depot,1
diffrent,1
meaning,1
crock,1
wound,1
lesson,1
mundane,1
removal,1
contrast,1
reincarnation,1
abuser,1
disappear,1
confidentiality,1
penny,1
cheating,1
insecuritie,1
fighter,1
schizotypal,1
afaik,1
revision,1
curtain,1
articulate,1
dementia,1
hom,1
elderly,1
roommate,1
guest,1
rain,1
flickering,1
esp,1
thunderstorm,1
interrupt,1
cassette,1
tape,1
player,1
persevere,1
breaking,1
fighting,1
bupropion,1
fluoxetine,1
memantine,1
tbi,1
cannabidiol,1
triglyceride,1
wellbutrin,1
Ap,1
agression,1
bummer,1
cessation,1
kdunnow,1
np,1
custodian,1
sleepy,1
Cuz,1
decrease,1
Np,1
lurasidone,1
vet,1
necropsy,1
arrive,1
e'e,1
'e,1
gene,1
windowsill,1
festival,1
forest,1
fairy,1
supporter,1
tech,1
Mris,1
concrete,1
honor,1
failure,1
umbrella,1
ive,1
td,1
pcp,1
hypothyroidism,1
ambien,1
lunesta,1
knock,1
\*to,1
blinking,1
pine,1
pass,1
invasion,1
ratio,1
method,1
tachycardia,1
dystonia,1
whack,1
quick,1
honesty,1
perspectife,1
palpitation,1
Mg,1
duration,1
sertiline,1
duloxetine,1
lamotrigine,1
hypersomnia,1
downs,1
antagonism,1
feller,1
weekend,1
persecutory,1
STPD,1
negative,1
intense,1
skull,1
silver,1
-directedness,1
pen,1
factory,1
Perry,1
schoolday,1
geography,1
snake,1
transient,1
implant,1
surveillance,1
puzzle,1
wifi,1
accong,1
contamination,1
someoen,1
hairtie,1
hospitalisation,1
rumination,1
checking,1
misunderstanding,1
orderliness,1
stereotype,1
convey,1
directedness,1
elaborate,1
contradiction,1
tricky,1
confirmation,1
integration,1
tell,1
bin,1
mortgage,1
ride,1
introvert,1
friendship,1
Church,1
band,1
bend,1
apart,1
examination,1
Eawe,1
statistic,1
homelessness,1
jail,1
tear,1
storry,1
overnight,1
schedule,1
fold,1
cabinet,1
boxe,1
basement,1
recycling,1
lmafo,1
rexulto,1
Tears,1
abyss,1
punch,1
spurts,1
cage,1
bank,1
statement,1
county,1
Cpap,1
supplies,1
linen,1
banker,1
rearview,1
reflection,1
backseat,1
liv,1
bankruptcy,1
groceries,1
cigaret,1
Cad,1
purse,1
sprees,1
gambling,1
spotify,1
netflix,1
subscription,1
direktion,1
epsode,1
Casino,1
sometimes,1
add,1
vyvanse,1
d2,1
blocker,1
samidorphen,1
appt,1
Adderall,1
adderall,1
organization,1
ADHD,1
schizoaffective,1
request,1
heartburn,1
tropsium,1
titration,1
monkey,1
.'Tomorrow,1
itch,1
milligram,1
buspar,1
tapering,1
Yeahs,1
Pb,1
fork,1
chore,1
binge,1
troll,1
neutral,1
pCp,1
Wegovy,1
pocket,1
pharmacy,1
dimension,1
verge,1
Doc's,1
jaw,1
coincidence,1
lmao,1
prodromal,1
fibre,1
gun,1
robber,1
OMG,1
wtf,1
&it,1
tree,1
overweight,1
pc,1
engineering,1
shitty,1
sterile,1
planet,1
boggl,1
diary,1
retrospect,1
pandemic,1
goddamn,1
Butthole,1
budget,1
ostrich,1
trump,1
technology,1
lawn,1
ornament,1
powered,1
battery,1
doomsday,1
extraterrestrial,1
bursts,1
jump,1
entertainment,1
Hilarity,1
dna,1
tutorial,1
sandwich,1
mayo,1
latex,1
bunk,1
ts,1
cooking,1
shrimp,1
sear,1
creator,1
moon,1
classmate,1
We're,1
Mooonn,1
LÜLÜLÜLÜ,1
gonzale,1
mr,1
krab,1
pecorino,1
romano,1
gibberish,1
backup,1
harmoney,1
juxtaposition,1
oxymoron,1
caramel,1
apple,1
mouse,1
='g,1
jack,1
listening,1
peoples,1
bible,1
set,1
moral,1
hatre,1
Schizophrenia,1
atheism,1
delsuion,1
craziness,1
devil,1
theatric,1
preach,1
papers,1
preaching,1
fanatic,1
MLm,1
idealogue,1
various,1
curing,1
Trending,1
pseudoscience,1
volition,1
oversight,1
non-clinician,1
patronizing,1
coward,1
profit,1
canine,1
rescue,1
facility,1
toothbrush,1
illness.,1
hundred,1
dozen,1
characters,1
genitalia,1
penise,1
vagina,1
actors,1
actress,1
anime,1
reoccurr,1
agent,1
establishment,1
weenks,1
ex-coworker,1
emerge,1
pentagram,1
spirits,1
wheater,1
''and,1
uhm,1
ad,1
3interview,1
leftover,1
advocacy,1
infliction,1
supplementation,1
xeplion,1
PBS,1
recover,1
increment,1
trail,1
status,1
quo,1
population,1
bothersome,1
Ssri,1
risky,1
rooomste,1
weapon,1
bleed,1
belonging,1
whether,1
fund,1
adhd,1
asthma,1
yograndeu,1
sec,1
Shows,1
arain,1
suicidal,1
ally,1
chatter,1
featur,1
schizoafftecive,1
holes,1
equations,1
drowsy,1
excitement,1
gpa,1
agony,1
escitalopram,1
tariff,1
pep,1
amino,1
acid,1
N-,1
methylglycine,1
homework,1
toss,1
sentiment,1
weightlifting,1
crippling,1
height,1
shape,1
percent,1
grandeur,1
gamer,1
poker,1
aim,1
mass,1
competitor,1
osteophorosis,1
calmness,1
diamond,1
slew,1
consume,1
banger,1
album,1
codm,1
urg,1
ÿ,1
'b,1
unravel,1
minds,1
bloke,1
ps5,1
playstation,1
FreeBSD,1
base,1
os,1
nintendo,1
underwater,1
lick,1
drumming,1
drumm,1
percussion,1
snare,1
pad,1
groovy,1
Vraylar,1
Vyvanse,1
Years,1
vital,1
narcolepsy,1
non-stimulant,1
treat,1
methylphenidate,1
conditions,1
..ect,1
opening,1
finality,1
etc..,1
veterun,1
inc,1
Education,1
enemie,1
nickname,1
blog,1
therapie,1
Psychosis,1
:'https://youtu.be/nCoPi8Nfckg?si=cN63qwvdk29smddU''Directory,1
US:'https://med.stanford.edu/peppnet/interactivedirectory.html''Edit,1
podcast,1
mob,1
performance,1
.'https://youtu.be/ARLNN3j2eyA?si=r9lmfeUIpZlEru4w''Also,1
Words,1
trailer,1
.'https://youtu.be/4E1-RnpOe8Q?si=I3CRiTxK8N8thO2_''This,1
rap,1
.'https://youtu.be/s_nc1IVoMxc?si=AikSrIdiwQEOx0zq,1
suppress,1
resist,1
exhaust,1
embarrassment,1
phantom,1
thank,1
autocorrect,1
stabilizing,1
figlen,1
hehe,1
outing,1
researcher,1
interview,1
methods,1
menopause,1
mines,1
tags,1
garbage,1
fuse,1
crps,1
aplenty,1
wrestling,1
80s,1
Fritos,1
Cheetos,1
wing,1
batch,1
brutish,1
quiet,1
goals,1
objective,1
instruction,1
freewill,1
regular,1
introversion,1
mall,1
Birth,1
irretability,1
grandiose,1
days,1
sorrow,1
root,1
tuff,1
narco,1
psychward,1
psyche,1
insecurity,1
hipocrite,1
anxianty,1
setting,1
visuals,1
limb,1
twitch,1
neuropathy,1
Antipsychotics,1
criticism,1
praise,1
to,1
wedding,1
telehealth,1
trade,1
shrink,1
yall,1
selfie,1
4ish,1
Shadows,1
let,1
NP,1
slight,1
arm,1
!&lt,1
animator,1
anima,1
align,1
t,1
definition,1
lock,1
baseball,1
bat,1
loon,1
parasite,1
mattress,1
smell,1
mold,1
mumbling,1
bark,1
confession,1
wait,1
sobbing,1
haste,1
oddity,1
till,1
;33,1
predicament,1
GAD,1
Gad,1
Sh,1
chase,1
bookkeeping,1
gloves,1
container,1
dang,1
sane,1
hindsight,1
personility,1
aware,1
vegetables,1
rejection,1
correlation,1
nicotinamide,1
harder,1
civilization,1
approach,1
mileage,1
logs,1
build,1
profile,1
keep,1
insane,1
army,1
director,1
ceo,1
owner,1
drivers,1
laboratory,1
machinery,1
heard,1
province,1
discrimination,1
Schizophrenic,1
russia,1
engineer,1
require,1
clearence,1
pilot,1
surgeon,1
licence,1
statutory,1
politician,1
cutoff,1
linguistic,1
translator,1
managerial,1
successfull,1
lets,1
one-size,1
hope'research,1
wars,1
neuroscience,1
whole,1
chlorpromazine,1
induce,1
hypothesis,1
lobotomy,1
advancement,1
proportion,1
patients,1
neuroscientist,1
pharmacologist,1
laziness,1
centurie,1
aforementioned,1
modafinil,1
Wales,1
jury,1
soundness,1
court,1
disorganization,1
vote,1
tense,1
somehwere,1
stalker,1
diff,1
versions,1
dandelion,1
dat,1
https://www.reddit.com/r/psychosis/s/axigkiw0wd,1
whispering,1
wrist,1
throats,1
Headphones,1
organ,1
Fep,1
waiting,1
germany,1
charge,1
fep,1
perfume,1
Foxhole,1
farmer,1
key,1
Limitation,1
efficiency,1
upload,1
vocabulary,1
sympathize,1
worsening,1
normalcy,1
stresser,1
toll,1
storms,1
myriad,1
flag,1
bandaid,1
boo,1
still,1
''Symptom,1
equivalent,1
marathon,1
solve,1
Truth,1
moron,1
payment,1
paraniod,1
skizoofrenia,1
infront,1
convo,1
dejavu,1
st,1
tineline,1
sin,1
atual,1
pray,1
troughout,1
familly,1
volume,1
vividness,1
''Hallucination,1
loop,1
spacy,1
voex,1
eachother,1
Disorganization,1
anytime,1
visual,1
assistance,1
dyslexic,1
enigma,1
paint,1
interpretation,1
you,1
endeavor,1
string,1
puppet,1
liners,1
threats,1
mutilation,1
sentient,1
sentience,1
liner,1
accent,1
trick,1
crass,1
alpha,1
stabiliser,1
valproate,1
lamotragine,1
barrier,1
pee,1
holding,1
cup,1
kinder,1
weeks,1
rebound,1
relaxing,1
infact,1
damn,1
emotionless,1
rug,1
stack,1
index,1
sahm,1
wrap,1
pew,1
chasing,1
intervene,1
pls,1
urgency,1
pl,1
hypertension,1
lsd,1
Mushrooms,1
anomaly,1
trials,1
psilocybin,1
grey,1
darker,1
experiencing,1
euphoria,1
clair,1
movie.,1
kick,1
loom,1
battle,1
yourselfd,1
schooling,1
proffessor,1
wind,1
years,1
associate,1
scholarship,1
grant,1
credit,1
genre,1
scare,1
person&g,1
adversity,1
goldfish,1
snail,1
fern,1
moss,1
tank,1
betta,1
give,1
tannin,1
ex-wife,1
survive,1
cruel,1
Life,1
preparation,1
ssdi,1
crossing,1
liar,1
disappointing,1
hopping,1
hill,1
trama,1
everything,1
boss,1
accord,1
recipe,1
bedtime,1
edgy,1
Nighttime,1
nighttime,1
worsen,1
nightlight,1
cramping,1
roller,1
coaster,1
tummy,1
flip,1
trospium,1
pepcid,1
throat,1
potatoe,1
naseua,1
fiance,1
symtpom,1
geodone,1
masturbate,1
errection,1
>7'b,1
hallucinating,1
dissociate,1
viagra,1
cialis,1
cupping,1
benite,1
clay,1
culprit,1
antagonist,1
akithisia,1
ablify,1
WSD,1
grift,1
disinformation,1
the,1
fundraising,1
grifter,1
particularity,1
ymmv,1
slave,1
junk,1
''Am,1
scream,1
pillow,1
Sdcind,1
coincide,1
physiatrist,1
1.5mg,1
Shower,1
Baths,1
pronto,1
sunscreen,1
benadryl,1
rarer,1
weaker,1
OCd,1
ridden,1
respect,1
fricking,1
dysthymia,1
delirium,1
attempm,1
dispensary,1
unjury,1
Doctor,1
cuz,1
schizoprhenia,1
dx,1
pita,1
candidate,1
hig,1
juice,1
alliance,1
Year,1
actuality,1
expense,1
public,1
garage,1
duplex,1
edmr,1
saturday,1
stim,1
Stimulant,1
collateral,1
allergy,1
straw,1
row,1
waiver,1
transportation,1
PCa,1
ARMH,1
coordinator,1
officer,1
scizophrenia,1
diagnosy,1
ssi,1
dollar,1
intern,1
resident,1
joker,1
coherent,1
multitasker,1
viewpoint,1
SSRI,1
reputation,1
beliefs,1
su1,1
cidality,1
roof,1
flood,1
ssri.,1
cognitive,1
disturbed,1
fashion,1
Cbt,1
proor,1
Medicine,1
whatever,1
Imposter,1
dating,1
weirdo,1
vigilante,1
punisher,1
bickle,1
movy,1
situationship,1
arrest,1
ir,1
go,1
eat,1
da,1
Hell,1
highschool,1
ritual,1
T-,1
involve,1
hallucinat,1
-y,1
stutter,1
blocking,1
tangentiality,1
perseveration,1
remain,1
huh,1
indication,1
relative,1
ap's,1
klopin,1
sharper,1
grounde,1
fat,1
11yo,1
encounter,1
amenhorrea,1
metal,1
bmi,1
butterfly,1
kindergarten,1
bullying,1
preteen,1
younger,1
hare,1
storybook,1
Crt,1
pixel,1
walls,1
shimmer,1
nick,1
layer,1
otherness,1
awkwardness,1
proud,1
congratulation,1
accomplishment.a,1
biromantic,1
Lady,1
solo,1
surcomstance,1
ace,1
queer,1
aro,1
Ace,1
spec,1
extended,1
partnership,1
romance,1
theme,1
horny,1
dynamic,1
after,1
dynamics,1
sexuals,1
compliment,1
bol,1
aroace,1
headmate,1
static,1
lover,1
heartstring,1
void,1
espm,1
metalcore,1
Warcraft,1
europe,1
é,1
ð,1
fuckin,1
denmark,1
minister,1
subgenre,1
goregrind,1
slam,1
lliving,1
Xp,1
diploma,1
uni,1
roomate,1
welfare,1
moot,1
stagnate,1
wipe,1
corn,1
starch,1
clump,1
ae,1
BMI,1
Hae,1
d,1
endorphin,1
niece,1
houseplant,1
Hobby,1
nonfiction,1
-stress,1
contribution,1
para,1
mí,1
estar,1
motivado,1
má,1
importante,1
longevity,1
outdoor,1
Friends,1
crocheting,1
makeup,1
funk,1
rave,1
Edibles,1
d9,1
time.Ive,1
sypmtom,1
spliff,1
IâXâ,1
°³¦âw,1
2kmg,1
ik,1
cannabi,1
distillate,1
hits,1
clopixol,1
spam,1
nope,1
ounce,1
vaporizer,1
Modafinil,1
wakefulness,1
contraindication,1
mthfr,1
mutation,1
covid,1
HT2,1
Cb1,1
heterodimer,1
gram,1
scizo,1
papper,1
anxeity,1
see,1
diease,1
nightshift,1
rotting,1
ofcourse,1
mailman,1
=ª,1
ª,1
promise,1
aliend,1
matrix,1
Aliens,1
simulations,1
century,1
princess,1
iside,1
ship,1
legalization,1
<ê,1
corporations,1
Pharma,1
'G,1
agenda,1
'I,1
trajectory,1
planetary,1
Reaper,1
extinct,1
idiocracy,1
survival,1
race,1
million,1
slither,1
schizoprenia,1
beleif,1
television,1
movoe,1
'or,1
produce,1
Daw,1
sing,1
learning,1
curve,1
music'But,1
depend,1
pathologist,1
survivor,1
charade,1
babble,1
gist,1
insist,1
ya,1
noooo,1
maggot,1
jewellery,1
pottery,1
crochet,1
stiff,1
bring,1
=K<û,1
design,1
studio,1
hustle,1
marketing,1
client,1
hairdresser,1
stupor,1
define,1
mid-air,1
tiss,1
grow,1
expressions,1
awkward,1
behave,1
misfire,1
benzos,1
'excit,1
guage,1
gauge,1
=l,1
suffe,1
vegan,1
express,1
meet,1
quesidilla,1
avacodo,1
crumble,1
b12,1
omega,1
fatty,1
/o,1
manner,1
villain,1
De-escalation,1
punishment,1
deeper,1
handling,1
'hi,1
policeman,1
blah,1
policewoman,1
clinician,1
sibling,1
liive,1
tradition,1
obligation,1
convincing,1
r/askdoc,1
easier,1
yelling,1
sIPPs,1
gustatory,1
mid-sentence,1
reversal,1
conduit,1
placebo,1
dissonance,1
incoherence,1
P.,1
vs.,1
Placebo,1
concent,1
bedrock,1
core,1
compare,1
offense,1
always,1
pro,1
pharmacist,1
logistic,1
marking,1
atypical,1
stabilization,1
anti-depressant,1
outline,1
interests,1
guinea,1
''https://en.m.wikipedia.org/wiki/Frequency_illusion,1
pushback,1
king,1
visa,1
association,1
broker,1
contract,1
nation,1
citizenship,1
ODSP,1
offer,1
dentist,1
govt,1
payout,1
budgets,1
fraction,1
mo,1
euro,1
foreigner,1
utility,1
Familienkasse,1
bureau,1
hoops,1
immigrant,1
poc,1
beaurocracy,1
politics,1
military,1
resctriction,1
resctiction,1
psichiartist,1
psichiatrist,1
salary,1
deamon,1
chior,1
ther,1
experiance,1
grandparent,1
grandfather,1
travels,1
conference,1
award,1
funding,1
semiconductor,1
recognizance,1
trust,1
provincy,1
canadian,1
driving,1
happen,1
sadness,1
certainty,1
crash,1
manias,1
channel,1
closer,1
d''g,1
72hour,1
dnd,1
surviving,1
Asf,1
lexapro,1
trazodone,1
opiate,1
shin,1
efect,1
kk,1
tu,1
esquizofrênico,1
esquizoafrtivo,1
está,1
fechadue,1
ainda,1
ma,1
quase,1
certeza,1
que,1
paranoide,1
surto,1
atrá,1
dion,1
remédio,1
eu,1
tomo,1
atualment,1
além,1
só,1
tô,1
tomandue,1
aí,1
colaterais,1
vieram,1
com,1
força,1
apatia,1
prazer,1
em,1
tudo,1
motivação,1
tá,1
meno,1
pior,1
sinto,1
um,1
peso,1
por,1
ter,1
falado,1
sortudo,1
disfunção,1
erétill,1
realmente,1
uma,1
desgraça,1
erétil,1
tadalafila,1
ess,1
sintoma,1
resolve,1
meu,1
caso,1
alta,1
parecia,1
embora,1
tic,1
trinza,1
ah,1
wander,1
shoulders,1
satiety,1
tend,1
'at,1
manga,1
doubts,1
&a,1
poll,1
messiah,1
SGa,1
SGA,1
vibration,1
mining,1
operation,1
sewer,1
Obsession,1
transform,1
epiphany,1
tpsychosis,1
flew,1
tie,1
flavour,1
policing,1
symmetry,1
OCD,1
earphone,1
relatives,1
cracker,1
cheese,1
salamis,1
butter,1
moms,1
draft,1
volunteer,1
magazine,1
protaganist,1
passageway,1
B6,1
together,1
how,1
fs,1
send,1
mowing,1
clipping,1
jibber,1
jabber,1
disguise,1
dookie,1
tap,1
'yo,1
learn,1
tiger,1
magpie,1
affair,1
Others,1
drank,1
homie,1
phd,1
drawback,1
extra,1
pani,1
fella,1
quin,1
narcotic,1
beverage,1
grave,1
Antabuse,1
save,1
solving,1
normality,1
aha,1
resistance,1
s,1
rabbithole,1
sabotage,1
gambl,1
greener,1
*me,1
ChatGPT,1
mac,1
trench,1
doping,1
contests,1
prize,1
trophy,1
hotdog,1
pat,1
halve,1
competition,1
memorable,1
contest,1
scoop,1
topping,1
gummy,1
bear,1
sprinkle,1
chocolate,1
milkshake,1
contestant,1
freeze,1
traction,1
mukbang,1
Citalopram,1
vice,1
entail,1
concise,1
rat,1
blow,1
arthritis,1
accomodation,1
obstacle,1
respondent,1
transparency,1
DM,1
harassment,1
intention,1
overpayment,1
worth,1
appreciation,1
cliff,1
worrying,1
mine,1
credibility,1
tundra,1
plus,1
bulb,1
Morse,1
poof,1
lightbulb,1
Mistakes,1
badass,1
accountable,1
inhibition,1
manic/etc,1
reasoning,1
accountability,1
<g,1
laundromat,1
kitty,1
so,1
username,1
vid,1
mcdonald,1
pedophile,1
succubus,1
sixth,1
>\,1
scz,1
paxil,1
wine,1
finance,1
ski,1
zest,1
membership,1
morality,1
leader,1
maze,1
personification,1
stock,1
shity,1
circumstance,1
intellect,1
mindg,1
normy,1
adolescence,1
vibrant,1
monotone,1
dicipline,1
crippl,1
desease,1
cals,1
maturity,1
cetera,1
conjunction,1
Lability,1
amotivation,1
contempt,1
hypocrisy,1
spite,1
mathematics,1
physic,1
clear,1
inducing,1
malfunction,1
venflaxine,1
attension,1
Antidepressant,1
backyard,1
refusal,1
progression,1
around,1
6hr,1
courseload,1
overheat,1
leisure,1
5min,1
sweater,1
willing,1
faill,1
gingko,1
biloba,1
sitter,1
telling,1
expectation,1
schoolwork,1
software,1
firm,1
assumption,1
interact,1
.'Antidepressants,1
desperate,1
breakthrough,1
fireplace,1
emptiness,1
blade,1
dome,1
rooftop,1
vent,1
sunlight,1
dinosaur,1
villag,1
blades,1
shithawk,1
ventilator,1
yeah,1
mhm,1
longing,1
sufferer,1
strange,1
blunting,1
émotion,1
saying,1
third,1
prevention,1
sheer,1
farther,1
seasoning,1
resilience,1
60',1
sleeve,1
jacket,1
flushing,1
showering,1
headphones,1
circuitry,1
warrior,1
mourning,1
curl,1
sparkle,1
Army,1
infantry,1
auto,1
mechanic,1
streak,1
push,1
poetry,1
dump,1
defect,1
clomipramine,1
chubby,1
tall,1
tips,1
bodyfat,1
leptin,1
ghrelin,1
bribe,1
supply,1
lybalvi,1
suppressor,1
micro,1
adventure,1
354lb,1
gastroparesis,1
',1
compression,1
fracture,1
posture,1
aaaaaa,1
madication,1
varies,1
Fact,1
thermodynamics,1
avtivelity,1
cardio,1
dent,1
labeled,1
slice,1
ham,1
hormon,1
thyriod,1
starvation,1
maintaince,1
calcilation,1
deficiet,1
pouch,1
salmon,1
tuna,1
0.5kg,1
alternative,1
celery,1
lettuce,1
kcal,1
serve,1
spice,1
dense,1
steak,1
Metformin,1
reg,1
candy,1
nutrition,1
spoiler,1
Calory,1
il,1
lean,1
usa,1
samidorphan,1
fries,1
plain,1
nugget,1
dipping,1
sauce,1
fry,1
burger,1
restaurant,1
opioid,1
painkiller,1
bind,1
opiod,1
prior,1
lbs.,1
ft.,1
bullshit,1
eggshell,1
schizophernia,1
maincourse,1
nice,1
borderline,1
40s,1
instacare,1
mdma,1
between,1
buddy,1
specialization,1
looney,1
dummy,1
prototype,1
leadership,1
fame,1
utopia,1
quantum,1
grouping,1
particle,1
Quantum,1
6th,1
photo,1
gore,1
coma,1
assassination,1
camel,1
hostage,1
instant,1
audience,1
centre,1
fibromyalgia,1
greece,1
violation,1
acupuncture,1
ensure,1
ailment,1
elixar,1
choosing,1
rank,1
CEOs,1
tactic,1
consulting,1
coulda,1
brilliant,1
Nobel,1
workload,1
sucess,1
dean,1
determination,1
injustice,1
smth,1
signd,1
stricten,1
neighbors,1
warmup,1
ai,1
fyp,1
legs,1
fool,1
realise,1
android,1
playlist,1
screentime,1
cymbalta,1
kidney,1
frank,1
agree,1
terzepetide,1
Removal,1
-post,1
flexaril,1
sit,1
seroquell,1
injectable,1
plasma,1
calendar,1
misguided,1
willingness,1
current,1
cyberhacker,1
cyber,1
hacker,1
Mse,1
flavors,1
reign,1
r/anhedonia,1
sacrifice,1
embrace,1
tune,1
punching,1
participant,1
survey,1
caring,1
voucher,1
entry,1
mark.rowles@rcm.ac.uk,1
(mailto:mark.rowles@rcm.ac.uk,1
questionnaire,1
quanitity,1
plato,1
recomendation,1
author,1
devils,1
few,1
Discworld,1
pilgrim,1
allegory,1
mode,1
candor,1
storge,1
affection,1
philia,1
ero,1
'c,1
jasmine,1
german,1
translation,1
hall,1
dostoevsky,1
crowd,1
intelligible,1
threaten,1
spy,1
histeria,1
carpenter,1
identify,1
river,1
wake,1
anti-medication,1
ANTIPSYCHOTICS,1
present,1
fluctuation,1
conundrum,1
mf,1
antispychotic,1
annedonia,1
documentary,1
20th,1
21st,1
dull,1
schizofrenia,1
charm,1
engage,1
assurance,1
vacations,1
precaution,1
retaliation,1
ahead,1
riding,1
taker,1
ect,1
council,1
schizospec,1
listen,1
comprehension,1
spacing,1
font,1
inclusion,1
well,1
chronology,1
thinker,1
repetition,1
ether,1
gap,1
calm,1
hullucination,1
plague,1
indica,1
sativa,1
strap,1
confinement,1
smoker,1
forty,1
lucid,1
Bf,1
detriment,1
tunnel,1
weeds,1
minded,1
advocating,1
gate,1
Menopause,1
ü,1
''Source,1
licensing,1
glut,1
<',1
thj,1
glucophage,1
Title,1
labor,1
spike,1
disappointment,1
commission,1
needing,1
lincense,1
etc.,1
absurdism,1
bomb,1
righteousness,1
Catatonia,1
Chargehand,1
livelyhood,1
langage,1
bcs,1
outsider,1
loan,1
money.butt,1
tuxedue,1
bathtub,1
sociopath,1
knee,1
interval,1
ipseity,1
moder,1
Disturbance,1
powerpoint,1
idenity,1
desturbance,1
epidose,1
magor,1
sneaky,1
-splitt,1
badge,1
spaceship,1
dj,1
ab,1
flex,1
puncture,1
cotton,1
sweatshop,1
royalty,1
cousin,1
doppelg_nger,1
composition,1
animus,1
townhouse,1
scrub,1
symbol,1
diamonds,1
pupil,1
blink,1
species,1
-in,1
property,1
attorney,1
footage,1
annex,1
assessments,1
Advil,1
duex,1
hot,1
stitch,1
fist,1
bumping,1
shaking,1
stigmata,1
catatonic,1
outrage,1
rag,1
prisoner,1
chais,1
ATU,1
memo,1
entrance,1
concussion,1
Hereditary,1
fever,1
glutamate,1
Muslim,1
turkish,1
muslim,1
trend,1
founding,1
curiuo,1
alprazolam,1
economy,1
polygraph,1
fbi,1
setup,1
georgia,1
netherland,1
dutch,1
worrie,1
funzy,1
ur,1
proffesion,1
indicator,1
workplace,1
dormitory,1
schyzophrenic,1
symphtom,1
'2,1
firearm,1
wich,1
firecrack,1
camion,1
certificate,1
gp.,1
gp,1
burocracy,1
enter,1
thsystey,1
inequality,1
sad,1
thailand,1
e.x,1
'Hospitals,1
althrough'It,1
certificateg,1
bussiness,1
wage,1
furthur,1
monarchy,1
watchman,1
paediatic,1
builder,1
kill,1
atmosphere,1
border,1
theg,1
D.'Ye,1
crimes.,1
Employer,1
qualification,1
diagnosis.,1
scifi,1
franchise,1
epizode,1
Ngo,1
jinn,1
homeopathy,1
leverage,1
sword,1
Statistic,1
venom,1
dey,1
forget,1
labilityg,1
Sociopath,1
gash,1
stair,1
carpet,1
thay,1
lane,1
slid,1
neglect,1
bounce,1
neurotransmitter,1
Recurring,1
earlierespect,1
restart,1
sciences,1
neurology,1
stich,1
mantelpiece,1
injuries,1
tumble,1
iffy,1
taboo,1
sperm,1
experment,1
fuzzy,1
honour,1
proclamation,1
admiration,1
ownership,1
clarification,1
mindreading,1
abilitie,1
ä,1
clairvoyant,1
inter,1
president,1
hyperinflation,1
timeline,1
oath,1
village,1
wisdom,1
woo,1
divinity,1
tapestry,1
south,1
dismay,1
copy,1
paste,1
buttons,1
painter,1
uo,1
blur,1
calmer,1
freezer,1
browny,1
''ops,1
déjà,1
gray,1
scent,1
escape,1
POV,1
Independence,1
Severity,1
gateway,1
fuller,1
13yr,1
savior,1
homes,1
15min,1
hate,1
discharge,1
altercation,1
relaps,1
mandate,1
solver,1
arbitor,1
hangout,1
pasta,1
meeeeee,1
..Ü,1
'Ý,1
lamb,1
honey,1
garlic,1
rice,1
rabbit,1
t-,1
Bunny,1
=O<ý,1
arts,1
craft,1
thrift,1
baking,1
Department,1
resume,1
coaching,1
''work,1
voluntary,1
contribute,1
Love,1
eded,1
spurt,1
buttock,1
fruit,1
meaner,1
salient,1
obe,1
monolog,1
yapping,1
come,1
typing,1
discourse,1
demand,1
tad,1
selfish,1
bastard,1
Truer,1
tinge,1
germ,1
lizard,1
Cafe,1
earplugs,1
pepper''s,1
stormy,1
clouds,1
Draw,1
payload,1
once,1
ex-partner,1
slur,1
Husband,1
zoom,1
dismissive,1
Hippa,1
sue,1
bono,1
HIPPa,1
privacy,1
reluctance,1
gossip,1
imho,1
homicide,1
incl,1
envelope,1
mail,1
receipt,1
breach,1
Pos,1
stance,1
your,1
nurturing,1
hesitation,1
listener,1
withing,1
sleeplessness,1
cue,1
emergencies,1
schizophrenia'and,1
screener,1
eligibility,1
Mods,1
compensation,1
examples,1
phenomena,1
identitie,1
disruption,1
Intact,1
|'|**,1
|g,1
detactment,1
pre-medication,1
worm,1
flesh,1
highway,1
crawling,1
coil,1
whine,1
hood,1
builde,1
Spider,1
bully,1
alive,1
cartel,1
delusio,1
triangles,1
morphing,1
Auditory,1
giant,1
puppy,1
pretender,1
minee,1
TVs,1
snoring,1
yell,1
wire,1
broom,1
inheritance,1
cupboard,1
amplifier,1
sucide,1
overdose,1
quarter,1
peanut,1
bite,1
Spoiler,1
usage,1
instragram,1
transmit,1
asociality,1
employment,1
relation,1
p.s,1
august,1
fantasize,1
content-rich,1
fluid,1
impoverishment,1
avoidance,1
elaboration,1
poisoning,1
schizotypy,1
derealization,1
pointlessness,1
occupation,1
grinch,1
reass,1
assessor,1
deterioration,1
loose,1
day='='=g,1
chokehold,1
hypofrontality,1
singular,1
twin,1
loxapine,1
imballance,1
ballance,1
antipsychoticg,1
xdd,1
winner,1
involuntary,1
hint,1
youth,1
oma,1
theft,1
analyst,1
nymphomaniac,1
cannot,1
grief,1
hatred,1
fsr,1
claw,1
mindfuck,1
packet,1
deepfake,1
acce,1
aplication,1
winter,1
50s,1
blowing,1
evasion,1
projection,1
hurts,1
pact,1
ears,1
msg,1
beta,1
cupp,1
benzodiazepine,1
illpower,1
MD,1
professionals,1
disagreement,1
differentiation,1
subcoding,1
exclusion,1
SZa,1
causation,1
attribute,1
benztropine,1
ingrezza,1
valbenazine,1
contraction,1
akythesia,1
laser,1
pointer,1
gatorade,1
dialogue,1
enlightenment,1
lottery,1
insult,1
ssri,1
checker,1
fur,1
crashes,1
pub,1
chattering,1
profanity,1
mind.They,1
narcissist,1
bs,1
narrative,1
disconnection,1
algorithm,1
shy,1
qualifies,1
ha,1
wretch,1
Queer,1
wank,1
lord,1
Hurt,1
leak,1
nostril,1
Fatigue,1
wooziness,1
rancid,1
pile,1
hearty,1
Fate,1
paradox,1
riddle,1
perplexity,1
midair,1
operator,1
bonker,1
knack,1
councillor,1
tailspin,1
dud,1
alteration,1
denomination,1
korba,1
affirmation,1
priest,1
God,1
organism,1
molecule,1
wellspring,1
cemetery,1
kiloton,1
hahah,1
white,1
flaws,1
red,1
purple,1
stepmom,1
violating,1
worst,1
paradigm,1
grammar,1
neighbour,1
gaslighting,1
inconsistency,1
doggo,1
doughnut,1
-they,1
b-,1
unus,1
nettle,1
cokehead,1
workshop,1
contentedness,1
blogg,1
singe,1
chatgpt,1
doodling,1
Stranger,1
accomplice,1
talking,1
hours,1
construct,1
relativity,1
r/askphysisist,1
revelation,1
rocket,1
2hr,1
Mods'',1
''Antipsychotic,1
intestine,1
pudding,1
sticker,1
welbutrin,1
tray,1
hello,1
flow,1
flurry,1
Snippet,1
abnormality,1
https://en.wikipedia.org/wiki/Sensory_processing_disorder,1
https://en.wikipedia.org/wiki/Attention_deficit_hyperactivity_disorder,1
30\,1
https://en.wikipedia.org/wiki/Posttraumatic_stress_disorder,1
31\,1
https://en.wikipedia.org/wiki/Selective_auditory_attention,1
"#cite_note-Sensory_disturbances,_inhibitory_de",1
mutism,1
https://en.wikipedia.org/wiki/Selective_mutism,1
32\,1
#cite_note-32,1
33\,1
"#cite_note-AAA,_2010-33",1
fraud,1
specifier,1
DSM,1
acknowledgement,1
bittersweet,1
commitment,1
motivator,1
psychose,1
severy,1
willpower,1
aps,1
prof,1
bureaucrat,1
professors,1
accessibility,1
lid,1
Aspd,1
casual,1
causis,1
failing,1
facet,1
teddy,1
digging,1
repercussion,1
friends,1
risperdal,1
depersonalization,1
irritability,1
welcome,1
tarp,1
stadium,1
chi,1
4day,1
t.s.o,1
bills,1
sus,1
R&,1
;d,1
corporation,1
nuisance,1
believers,1
sunshine,1
cameras,1
microphone,1
eyeball,1
eyelid,1
clit,1
microphones,1
prostitute,1
m3th,1
hallucinosis,1
racist,1
dmt,1
ketamine,1
fentanyl,1
seattle,1
Hows,1
protest,1
portrait,1
Aid,1
generalization,1
depressjon,1
dysregulation,1
planning,1
pity,1
forgiveness,1
rapist,1
molester,1
superpower,1
richer,1
Relapse,1
Benzodiazepine,1
phycosis,1
phych,1
truama,1
envega,1
baker,1
trilpatl,1
Xanax,1
virstal,1
fluhanzol,1
postdrome,1
#Initiation,1
wear,1
equals,1
drowsiness,1
carbolithium,1
hyperprolactinemia,1
misophonia,1
alcoholism,1
ultimatum,1
faculty,1
diva,1
aids,1
disbility,1
soceity,1
volunteering,1
supermarket,1
nursery,1
draining,1
sweetire,1
intervoice,1
madinamerica,1
Diagnose,1
gluten,1
affiliation,1
crept,1
ache,1
PDF,1
voices,1
booklet,1
worksheet,1
rubbish,1
quieter,1
Split,1
revolt,1
Fasting,1
barrel,1
creation,1
non-identification,1
irritation,1
mistrust,1
''ty,1
quirk,1
dictate,1
aimé,1
faire,1
pareil,1
je,1
pa,1
les,1
conséquence,1
ce,1
de,1
choix,1
pwe,1
raison,1
personnelle,1
impersonnelle,1
à,1
moi-même,1
sai,1
toujour,1
casser,1
gueule,1
Donc,1
trimballe,1
lourdement,1
dans,1
masque,1
en,1
dépressif,1
fout,1
bien,1
l'aise,1
d'être,1
sachant,1
rejet,1
et,1
sobre,1
mais,1
risque,1
encore,1
daycare,1
Solitude,1
socialize,1
extrovert,1
fail,1
uplifting,1
breather,1
Mil,1
toddlerhood,1
fetus,1
abortion,1
preterm,1
anemia,1
preeclampsia,1
Infant,1
infant,1
screening,1
adverse,1
buy,1
proprioception,1
foundation,1
multi-sense,1
duvet,1
crawly,1
widow,1
aracnophobe,1
.'''Adding,1
moth,1
texture,1
spaghetti,1
dragons,1
:'=¤,1
echo,1
garb,1
contributions,1
nit,1
sassy,1
d*,1
ick,1
faint,1
humming,1
incongruence,1
=1,1
shifte,1
murmur,1
japanese,1
retirement,1
google,1
distant,1
trypanophobia,1
plz,1
potency,1
kinky,1
kink,1
prospect,1
racism,1
antisemitism,1
asexual,1
roleplay,1
lust,1
fetish,1
schizophreniform,1
schizospectrum,1
carer,1
ADLs,1
wiggle,1
hitter,1
specialty,1
shithead,1
motivate,1
complexity,1
collapse,1
co,1
-echo,1
echoe,1
corridors',1
ambition,1
strengt,1
foe,1
trimester,1
there,1
vegetable,1
eyeglass,1
foam,1
https://en.m.wikipedia.org/wiki/Extrapyramidal_symptoms,1
tardive,1
neurodegeneration,1
exposure,1
Therapist,1
flat,1
Movement,1
parkinsonian,1
Parkinson,1
substantia,1
nigra,1
ammonia,1
bleach,1
farthest,1
toxicity,1
dunno,1
silverware,1
framework,1
Word,1
-reflection,1
cheesy,1
quantity,1
disgusting,1
lots,1
reminders,1
gangster,1
judgment,1
pedophilia,1
witnessing,1
neurodivergence,1
occur,1
tick,1
tock,1
influencer,1
dominance,1
menace,1
rail,1
25th,1
p=¤,1
strays,1
pitbull,1
Spencer,1
stray,1
cricket,1
delusions',1
competence,1
talent,1
rep,1
hurdle,1
ahold,1
christer,1
jooz,1
habitat,1
suspicion,1
billionaire,1
newton,1
<û,1
oratory,1
successful,1
Sahw,1
org,1
contracting,1
riot,1
election,1
geolocation,1
remains,1
visualization,1
kicker,1
minority,1
teeny,1
margin,1
=O<þ=O<þ=O<þ=O<þ,1
PhDs,1
JDs,1
Rn,1
sucessfull,1
speculation,1
toe,1
gardener,1
authoritarianism,1
even,1
reflex,1
ban,1
armory,1
succeed,1
tiring,1
condescende,1
discourage,1
bastards,1
drain,1
comeback,1
setback,1
architecture,1
architect,1
recall,1
solive,1
Architecture,1
brothers,1
redditt,1
sophomore,1
differ,1
estate,1
committee,1
sweeden,1
exceptions,1
covenment,1
helthcare,1
kneebrace,1
disabilty,1
Saks,1
wellbeing,1
housework,1
plage,1
ficus,1
floors,1
astronomer,1
medal,1
curtail,1
loans,1
pissing,1
u,1
goods,1
inflation,1
dem,1
dreamsssssssss,1
whichh,1
Dopamine,1
acetylcholine,1
wiring,1
''edit,1
percentage,1
aide,1
vaccine,1
awkard,1
ý,1
administration,1
fierce,1
chao,1
burst,1
enjoyment,1
fallout,1
ditto,1
eraser,1
smartphone,1
misleading,1
superiority,1
disparage,1
condescend,1
lol,1
photography,1
Sup,1
rusty,1
thumbtack,1
tack,1
thumbtacks,1
split,1
crapshoot,1
mood/thoughts/dream,1
quack,1
diag,1
annoyance,1
Psychologist,1
subtlety,1
webpage,1
prior-authorization,1
psychologytoday.com,1
zip,1
residency,1
aprn,1
pMHNp,1
primary,1
referal,1
biochemistry,1
Convo,1
tougher,1
24ish,1
2010,1
fainting,1
spasm,1
paralysis,1
hallucinate,1
permit,1
redditor,1
.'my,1
'a,1
orb,1
correlate,1
ketchup,1
scheme,1
barriers,1
visualize,1
>r,1
doomscroll,1
sandpaper,1
dust,1
fps,1
cod,1
fest,1
ot,1
Pto,1
bonus,1
highest,1
allowances,1
penalties,1
stellar,1
Ssdi,1
forgive,1
40hr,1
2am,1
flexibility,1
accounting,1
slasher,1
omg,1
tusk,1
pursuits,1
dead,1
unreality,1
anthology,1
fiction,1
campy,1
moments,1
artistry,1
filming,1
execution,1
depiction,1
Psy,1
saliva,1
trembling,1
regiment,1
Schzc,1
dizziness,1
dryness,1
rise,1
Fanapt,1
tegretol,1
100s,1
Sedation,1
Drooling,1
yawning,1
tongue,1
tapping,1
return,1
lazy,1
em.,1
conspiracies,1
decompress,1
reporter,1
checklist,1
iron,1
condo,1
catche,1
illuminato,1
halllucination,1
narration,1
gallery,1
fave,1
journals,1
handwriting,1
stressfactor,1
liveliness,1
virus,1
longhauling,1
15th,1
affects,1
seroquil,1
stalking,1
subset,1
remember,1
UFOs,1
trumpet,1
realism,1
modernism,1
christ,1
west,1
truest,1
transfusion,1
hive,1
bump,1
grains,1
sesame,1
seeds,1
raman,1
noodle,1
tapeworm,1
gnat,1
raisin,1
aversion,1
undercover,1
xray,1
commerical,1
seed,1
coversation,1
fev,1
appeal,1
cloudy,1
sunken,1
cheek,1
immunity,1
semi-divine,1
textbook,1
immolation,1
cults,1
appliance,1
Microphones,1
vampire,1
oven,1
hypochondria,1
korea,1
clockwork,1
rapper,1
mocking,1
humiliating,1
loudspeaker,1
W.I.L.D,1
chief,1
halo,1
gown,1
atla,1
incompetent,1
termination,1
bringbackzootycoon2,1
snowball,1
wink,1
goober,1
rely,1
discretion,1
chatGPT,1
story'maybe,1
'and,1
shelf,1
dissociative,1
balcony,1
shell'mute,1
giggling,1
Isolation,1
Muteness,1
pickleball,1
''https://open.spotify.com/playlist/6b3mDVlTw40fBoIFnsgKm2?si=01dOpd-sTp-jxtxeoB5pTQ&amp;pi=TBDvcpgvQwiDk,1
catalyst,1
soemtimes,1
adherence,1
blame,1
antic,1
teasing,1
literature,1
courthouse,1
bakeract,1
ramble,1
she,1
orator,1
dehydration,1
paraplegic,1
speak,1
kickback,1
ml,1
meditate,1
studying,1
outpatient,1
works,1
grievance,1
malpractice,1
lamictal,1
recourse,1
disorganisation,1
array,1
designs,1
Ed,1
disfunction,1
p5,1
adaptogen,1
cabergoline,1
/throid,1
androgen,1
risoeridone,1
huger,1
Pill,1
naps,1
grogginess,1
brightside,1
menu,1
meh,1
carnivore,1
22kg,1
restless,1
baby''Oh,1
talker,1
silly,1
misinterpretation,1
beast,1
hero,1
plot,1
storyline,1
*us,1
inconvenience,1
suuuuck,1
desensitization,1
premise,1
answering,1
schzophrenic,1
narrator,1
mc,1
arc,1
inward,1
cracks,1
''regardless,1
climax,1
panel,1
justice,1
grounds,1
wolf,1
conmplex,1
paranormal,1
disapear,1
twist,1
Mc,1
horrific,1
''My,1
evils,1
knocking,1
supplication,1
hallucincation,1
downvote,1
backlash,1
assumptions,1
downvoting,1
fake,1
exhibit,1
foresee,1
abin,1
invention,1
beacon,1
smiling,1
joyful,1
allegiance,1
canton,1
''upd,1
shitload,1
diabetic,1
insulin,1
pump,1
shampoo,1
scam,1
dandruff,1
sitution,1
savings,1
sly,1
dirt,1
geneSite,1
sideeffect,1
upvote,1
recurrence,1
confirm,1
withdraw,1
15yr,1
20yr,1
10yr,1
emotiotion,1
citalopram,1
discount,1
goodrx,1
PHq,1
score,1
Phq,1
Ham,1
-d,1
subjectivity,1
rater,1
impressions,1
introduce,1
biase,1
homeostasis,1
8/10,1
anti,1
.D,1
misfortune,1
tits,1
MHPs,1
sorof,1
replying,1
cha,1
7mg,1
bay,1
mg',1
shoot,1
MG,1
higher,1
oxazepam,1
derive,1
conversion,1
havoc,1
profess,1
directed,1
guided,1
halutionation,1
1mg,1
seroquel.,1
thirst,1
es,1
strategies,1
diagnosis.d''g,1
grind,1
if,1
terrain,1
developer,1
bibliotherapy,1
oils,1
metabolic,1
execising,1
squat,1
deadlift,1
bench,1
fats,1
mineral,1
micronutrient,1
poops,1
dietitian,1
toothpick,1
curvier,1
plumper,1
rite,1
\_source=share&amp;utm\_medium=web3x&amp;utm\_name=web3xcss&amp;utm\_term=1&amp;utm\_content=share\_button,1
chronometer,1
tracking,1
amazon,1
serving,1
lipid,1
membrane,1
eighth,1
cupcoard,1
please,1
meane,1
pychosis,1
caricature,1
electrode,1
life'well,1
cluster,1
bingo,1
cookie,1
gold,1
prozac,1
infusion,1
compounding,1
liberal,1
Epistocracy,1
donor,1
HIPPA,1
vacation,1
State,1
Nami,1
Roi,1
fax,1
nursing,1
pneumonia,1
total,1
dinamite,1
bicker,1
meatball,1
criminal,1
fuss,1
dysknesia,1
psychatrist,1
lactation,1
schoolmate,1
theraphy,1
bye,1
Congrat,1
words/experience,1
paranoias,1
inaction,1
ifs,1
Anxiety,1
fueling,1
empowering,1
Paranoia,1
stream,1
ration,1
militia,1
Trigger,1
pool,1
earthquake,1
zoo,1
Instagram,1
magnisum,1
Headach,1
disc,1
migraine,1
schizoph,1
Antidepressants,1
botox,1
wrinkle,1
vessel,1
migraines,1
crying,1
menstruation,1
yay,1
counsellor,1
irony,1
rental,1
whiteboard,1
sting,1
Ward,1
pervert,1
dick,1
dignity,1
kidnapping,1
legislation,1
Covid,1
knob,1
carrot,1
fast,1
groggy,1
sludge,1
Xr,1
iirc,1
metaboliser,1
sorta,1
lucidity,1
dysphagia,1
halflife,1
lunchtime,1
appointments,1
vinegar,1
flake,1
gainer,1
British,1
''As,1
opera,1
drum,1
lullaby,1
violin,1
jingle,1
soak,1
whistling,1
deepset,1
daydreaming,1
besides,1
daydream,1
mock,1
anosognosia,1
phenomenologist,1
posting,1
philosopher,1
Scriptur,1
pure,1
thw,1
stubborn,1
caller,1
sucidality,1
-grab,1
Cop,1
traffic,1
shih,1
tzu,1
intruder,1
justification,1
demons,1
Mary,1
damaging,1
episodic,1
occurrence,1
EMDR,1
decompensation,1
ol,1
mishear,1
threshold,1
recess,1
den,1
twenty,1
thrice,1
giftedness,1
psychotropic,1
surge,1
limbo,1
systems,1
entirety,1
choir,1
toaster,1
Intermittent,1
prove,1
prestiq,1
hydroxyzine,1
methyfolate,1
buzzing,1
whirl,1
faster,1
genitals,1
torso,1
purplish,1
blackness,1
newborn,1
absorption,1
astonishment,1
foray,1
dealership,1
30,1
apprentice,1
exams,1
realness,1
attunement,1
memoir,1
platforms,1
judgament,1
billion,1
''A,1
corollary,1
parahippocampal,1
gyrus,1
jkjk,1
rundown,1
&''https://www.researchgate.net/publication/326769223_Schizophrenia_Corollary_Discharge_A_Neuroscientific_Overview_and_Translational_Implication,1
/full,1
Hallucinations,1
observer,1
fMRI,1
scans,1
photon,1
pulse,1
/askscience,1
imagery,1
viewing,1
partway,1
psi,1
WLD0vSwjDB8WahDrmLDa,1
heaviness,1
disappears,1
hebephrenia,1
physical,1
slide,1
ruler,1
authorities,1
confuse,1
why,1
dictator,1
slavery,1
infections,1
literal,1
excerpt,1
''Other,1
pyschosis,1
r/BreakingMirror,1
difficult,1
reaserch,1
sciencey,1
abstract,1
monitoring,1
efference,1
transformation,1
electroencephalography,1
articulation,1
non-AVH,1
absent,1
syllable,1
non-AVHs,1
enhancement,1
lesion,1
sensitization,1
cortice,1
cd,1
ec,1
granularity,1
mediate,1
Citation,1
proceed,1
analysis,1
nutcase,1
transgression,1
origin,1
rejoice,1
relgion,1
imagine,1
whereas,1
single,1
amd,1
brokenness,1
thorn,1
bless,1
Kingdom,1
earworm,1
sorto,1
melody,1
halfway,1
&I,1
symphony,1
bam,1
unshare,1
shut,1
intimate,1
sideway,1
chick,1
dis,1
advise,1
enviorment,1
pin,1
hon,1
friction,1
parent.my,1
phobias,1
isolate,1
saint,1
anniversary,1
keeper,1
gem,1
Parenting,1
custody,1
caregiving,1
Prn,1
nutritionist,1
-destruction,1
pesticide,1
duodip,1
arrival,1
incorating,1
naturality,1
strattera,1
Days,1
tenure,1
pre-toddler,1
leather,1
craftsmanship,1
lore,1
sith,1
clone,1
kit,1
pbe,1
subhuman,1
downer,1
victimize,1
toxicology,1
dg,1
staple,1
opinoon,1
stem,1
welcomeness,1
agree'medication,1
react,1
junction,1
experience'everyone,1
differentg,1
calming,1
societie,1
-awareness,1
lemonade,1
bagels,1
banana,1
pea,1
bean,1
onion,1
tomatoe,1
lasagna,1
burrito,1
quesadilla,1
penalty,1
knot,1
psycopath,1
sympathy,1
overthinking,1
soundinh,1
registry,1
sounding,1
.'Year,1
masterbation,1
moan,1
labito,1
pipe,1
lownconfidence,1
poorer,1
improve,1
neuroplasticity,1
lapse,1
swiss,1
ssn,1
tabs,1
stigm,1
boyfriene,1
Bff,1
doormat,1
shining,1
Jake,1
divorce,1
heck,1
overtime,1
disposal,1
marrow,1
terra,1
hating,1
pronoia,1
needle,1
embodiment,1
tough,1
analogue,1
synapse,1
high,1
joint,1
elevator,1
propulsion,1
caze,1
psychoatrist,1
america,1
Tt,1
FYP,1
reel,1
browsing,1
deluge,1
affliction,1
candid,1
alchemist,1
alchemy,1
thougnt,1
clothed,1
Yt,1
Algorithms,1
viewer,1
myth,1
français,1
seulement,1
peu,1
borther,1
Illuminati,1
biker,1
trek,1
mtb,1
bmx,1
cannondale,1
promo,1
hysteria,1
velcrow,1
sho,1
stabley,1
strainer,1
alongside,1
glove,1
faucet,1
killers,1
stfu,1
bandwidth,1
disillusionment,1
B,1
cuteee,1
nails,1
Vape,1
catch,1
precision,1
rifle,1
lip,1
pitch,1
glitch,1
scariest,1
fetuse,1
womb,1
cacophony,1
screeching,1
nun,1
skinwalker,1
ankle,1
neice,1
corps,1
short,1
driveway,1
bruh,1
nah,1
Snapchat,1
legion,1
growling,1
acre,1
8x,1
dug,1
eyesight,1
mud,1
circumference,1
T1000,1
liquid,1
puddle,1
muld,1
lumber,1
terrifying,1
chords,1
real,1
hurricane,1
varying,1
coffin,1
float,1
chamber,1
vault,1
pickup,1
lamp,1
bulb.,1
mph,1
seatbelt,1
Airbag,1
bee,1
football,1
lightning,1
classroom,1
cellphones,1
landline,1
busload,1
bush,1
sodium,1
pond,1
shark,1
truths,1
curdling,1
upstairs,1
doors,1
screwdriver,1
fountain,1
noon,1
stupid,1
cap,1
coice,1
superintelligence,1
Depression,1
pipeline,1
all,1
genetics,1
EEGs,1
Avpd,1
Dpd,1
Hpd,1
gang,1
dysphoria,1
hormones,1
ect\,1
upward,1
mason,1
crypto,1
invest,1
personnel,1
schizoland,1
pear,1
medecines,1
disease.my,1
psychoanalyst,1
Medecines,1
occation,1
spanish,1
førtidspension,1
earlypension,1
endgame,1
='''Three,1
neuralgia,1
pWd,1
brake,1
outward,1
Day,1
slit,1
coldness,1
cloud,1
theorist,1
microcosm,1
polyp,1
reverberation,1
closest,1
nuke,1
Truman,1
flyer,1
boardwalk,1
meta,1
Trinity,1
snapping,1
storage,1
kennel,1
dr*g,1
raid,1
sherif,1
podunk,1
buck,1
bunker,1
missile,1
silo,1
chopper,1
toilets,1
launch,1
sequence,1
bail,1
tow,1
gaga,1
bandage,1
chosen,1
serum,1
broadcast,1
eather,1
knif,1
distants,1
demeanor,1
beedrill,1
shadowy,1
&gt,1
!xanax!&lt,1
slug,1
redbull,1
..etc.,1
>Â,1
tht,1
shred,1
hatman,1
wdym,1
grinder,1
fi,1
turmoil,1
horde,1
runner,1
bushes,1
boosting,1
themes,1
lcsw,1
lmhc,1
keepin,1
pov.,1
golden,1
artsy,1
zero,1
hunt,1
spectra,1
die,1
involvement,1
legitimacy,1
appreciate,1
Mh,1
completion,1
upswing,1
varsity,1
athlete,1
dope,1
=O,1
non-fiction,1
walkie,1
equipment,1
island,1
pal,1
sci,1
nerd,1
theatre,1
animating,1
comics,1
frodo,1
audrino,1
Sdr,1
golf,1
hygeine,1
Mathematics,1
format,1
bideo,1
dancing,1
reddif,1
sunday,1
lmaoo,1
='=',1
ö,1
<ý,1
hyperfocus,1
medications'lithium,1
risperidone',1
glance,1
eyebrow,1
socializer,1
yah,1
boom,1
formula,1
difficul,1
pursuit,1
institute,1
Obsesse,1
ordeal,1
slippery,1
slope,1
dopaminergic,1
hyperfixation,1
scholar,1
sentencing,1
probation,1
torsion,1
stab,1
Normy,1
faking,1
lethargy,1
stoney,1
tincture,1
propananol,1
kolonopin,1
depekote,1
sativia,1
introspection,1
me,1
tbreak,1
Allergy,1
hallucinogenic,1
whiskey,1
fatality,1
thca,1
boredom,1
compound,1
Balance,1
Nightmar,1
sociable,1
delta,1
stimulating,1
magnitude,1
frenzy,1
razor,1
debilitating,1
hat,1
on,1
syndrom,1
definitions,1
dumbass,1
repayment,1
stressed,1
gymnastic,1
boomer,1
!!!1!1,1
pun,1
inbox,1
r/autism,1
gesturing,1
bonding,1
f'ing,1
hugge,1
hugger,1
ask,1
sibl,1
startup,1
coast,1
capital,1
construction,1
entrepreneurship,1
plight,1
demonstration,1
armchair,1
-old,1
discouraging,1
mentoring,1
young,1
Dane,1
fulfillment,1
librarian,1
yorkipoo,1
difference'find,1
honors,1
awhile,1
notions,1
homeschooling,1
bound,1
major,1
bull,1
disgust,1
lawsuit,1
october,1
wildfire,1
analogy,1
sorry,1
schizophhrenia,1
resentful,1
PSa,1
favor,1
big,1
antipsychiatry,1
faker,1
ho,1
treatments,1
bizzare,1
checkpoint,1
cadet,1
limbenefit,1
-dissociation,1
statue,1
stopping,1
demonic,1
grotesque,1
sac,1
'B,1
cinder,1
heroin,1
ocean,1
tradeoff,1
Tangent,1
chile,1
coke,1
disadvantage,1
repair,1
enzyme,1
js'g,1
messenger,1
umm,1
dependency,1
'tldr,1
dictionary,1
acorn,1
yoga,1
gesture,1
explain,1
words,1
stare,1
crackhead,1
scalp,1
Poem,1
psalm,1
mockery,1
gab,1
keyhole,1
spin,1
counterclockwise,1
magician,1
chrono,1
skip,1
instinct,1
psth,1
mor,1
distract,1
emergiency,1
reverse,1
protagonist,1
overwatch,1
voiceline,1
gameplay,1
sentinel,1
dragon,1
skyrim,1
VR,1
minecraft,1
Daylight,1
waking,1
consuming'media,1
dissolve,1
pareidolia,1
square,1
ashwaganda,1
eminem,1
realityhurt,1
anehdonia,1
socialising,1
wittiness,1
forward,1
hella,1
hatve,1
vaping,1
better'concentration,1
music'these,1
litterature,1
thrill,1
druggie,1
Dont,1
MDMA,1
rolling,1
numb,1
synth,1
spiel,1
cigarettes,1
lifting,1
Trinza,1
inhibits,1
buzz,1
kratom,1
autistic,1
Serotonin,1
hyperthermia,1
treasure,1
upside,1
schz,1
arirpiprazole,1
HT1,1
asterisk,1
parameter,1
temptation,1
fertility,1
motel,1
2nd,1
sleepover,1
guardian,1
Pflegegrad,1
lebanon,1
Gb,1
motherfucker,1
errand,1
speciality,1
endocrinologist,1
transport,1
residence,1
hospitals,1
FMLA,1
expensis,1
Psykoeducation,1
psycho,1
lactose,1
precursor,1
levodopa,1
mesolimbic,1
glycine,1
redundant,1
bore,1
collage,1
<ÿ,1
tease,1
Father,1
Rats,1
'A,1
regeneration,1
tooling,1
therapeutic,1
reasons,1
rust,1
rendition,1
Shatner,1
rubber,1
normal,1
LSD,1
deliriant,1
hallucinagen,1
dxm,1
tapentadol,1
Co,1
cos,1
Hppd,1
7yr,1
DT,1
dependence,1
cheesey,1
pissy,1
retired,1
scopolamine,1
Shroom,1
klonopin,1
Suboxone,1
loops,1
16mg,1
poly,1
parkinson,1
1min,1
''good,1
distortion,1
dp,1
enrollment,1
brunt,1
permissions,1
burdens,1
mee,1
stonger,1
chin,1
confabulation,1
dogma,1
reset,1
Kudo,1
infection,1
incidence,1
requip,1
casts,1
nightemare,1
esque,1
informationg,1
lease,1
fans,1
WFh,1
challenges,1
mix''I,1
scared,1
jog,1
po,1
favourite,1
4th,1
Air,1
Pod,1
AirPods,1
fines,1
chopping,1
AirPod,1
union,1
decides,1
steward,1
heartbeat,1
audiobook,1
rocker,1
twinge,1
metabolizer,1
evidence'such,1
nitwit,1
hop,1
shifting,1
chan,1
seal,1
autodraw,1
Sophie,1
zzzzzz,1
phobia,1
carbon,1
editing,1
gnarliest,1
Haloperidol,1
cough,1
hairy,1
bathing,1
burn,1
storming,1
tempting,1
bookshop,1
Informatic,1
Computer,1
sience,1
pay,1
itsm,1
presentations,1
phonecall,1
workforce,1
robotic,1
voter,1
registration,1
tuition,1
fortunate,1
tailoring,1
admin,1
costume,1
non-issue,1
microeconomics,1
disorganized,1
def,1
objects,1
mismatch,1
during,1
phantasmus,1
subredit,1
scroll,1
ina,1
'sapp,1
dive,1
sailor,1
co-workers,1
terrorist,1
uncertainty,1
anybody,1
mishearing,1
persay,1
faced,1
buildup,1
cave,1
vista,1
tube,1
juniors,1
https://www.kohls.com/product/prd-7206842/juniors-madden-girl-delulu-jacquard-crewneck-sweater.jsp?skuid=64976837&amp;cid=shopping30&amp;utm_campaign=collections&amp;utm_medium=cse&amp;utm_source=google&amp;utm_product=64976837&amp;utm_campaignid=20439081517&amp;cid=shopping15&amp;utm_campaign=sscclearance=cse&amp;utm_source=google&amp;utm_campaignid=20439081517&amp;gclsrc=aw.ds&amp;gad_source=1&amp;gad_campaignid=20155442522&amp;gbraid=0aaaaadytphzswx05hr33b8rsbjpka-vb4&amp;gclid=eaiaiqobchmi4sdh0bntjqmvzklhar206qeneaqyaiabegl7xfd_bwe,1
delulu,1
JUNIORS,1
phub,1
speck,1
>,1
dearest,1
saludation,1
\^\_\,1
dolphin,1
1940,1
fishing,1
breakfast,1
toast,1
anti-depression,1
equality,1
='.,1
nicest,1
@mod,1
mattrf,1
Babysat,1
120,1
's,1
percentile,1
survivorship,1
/analytical/insightful/etc,1
grease,1
deviation,1
verbal,1
Cait,1
7s,1
prognose,1
selection,1
evolution,1
disbalance,1
poison,1
radiation,1
virtue,1
reorganization,1
exploring,1
Nutrition,1
alignment,1
overachiever,1
rink,1
ranking,1
frontier,1
obscurity,1
era,1
dislexic,1
Iq,1
curriculum,1
=''g,1
mensa,1
dorm,1
estimation,1
SAT,1
scor,1
eval,1
psychometric,1
assertion,1
g,1
variable,1
astray,1
scatter,1
workings,1
astronomy,1
recap,1
tests,1
accuracy,1
noticing,1
genius,1
110s,1
remembering,1
avarage,1
invalid,1
properties,1
''or,1
Act,1
BFa,1
accolade,1
140,1
aptitude,1
gamma,1
oscillation,1
theta,1
modulation,1
j,1
dsm,1
subcategory,1
codes,1
billing,1
scitzophrenia,1
Mdd,1
intertwine,1
correlating,1
Panss,1
differentiator,1
''1,1
ups,1
alllllll,1
=7,1
r/schiz,1
zofran,1
consolation,1
''Example,1
medicaid,1
corgi,1
changing,1
mayonnaise,1
gi,1
carby,1
festish,1
fanfiction,1
p0rn,1
non-con,1
r*pe,1
daddy,1
cnc,1
incest,1
perversion,1
insect,1
somnophilia,1
adaptation,1
adaptations,1
maladaptivity,1
disoder,1
longterm,1
conception,1
PD,1
reconciliation,1
'pd,1
Poc,1
scaffolding,1
PDs,1
inForm,1
hundread,1
BDSm,1
dominatrix,1
hasty,1
ging,1
supremacy,1
Pre-medication,1
afterthotch,1
pdoc,1
Rexulto,1
Rexulti,1
brochure,1
tinnitus,1
ringing,1
ew,1
dyslexia,1
allat,1
Pedophile,1
smh,1
ff,1
Middle,1
1900',1
excorcism,1
yikes,1
enjoyer,1
='=ª,1
drone,1
reveal,1
proxy,1
cringe,1
clown,1
douche,1
loony,1
supportive,1
gunna,1
wardrobe,1
spend,1
partying,1
lockdown,1
rip,1
suspense,1
meltdown,1
walmart,1
sensitive,1
stressful,1
whammy,1
theist,1
incapability,1
ray,1
indecency,1
40',1
seriquel,1
deployment,1
stepson,1
motivating,1
stepdad,1
Andreas,1
shitlessness,1
controller,1
thoo,1
forso,1
eta,1
users,1
Od,1
alegid,1
cops,1
incarnate,1
jesus,1
psyceward,1
slippe,1
dicks,1
''all,1
concoction,1
coalesce,1
habits,1
dial,1
apocalypse,1
=O<û,1
endpoint,1
respite,1
'year,1
trippy,1
yknow,1
severe,1
thig,1
vap,1
snuff,1
schizopjrenic,1
cryminology,1
appartment,1
forklift,1
N,1
"#:~:text=emotionless%20and%20flat-,Hallucinations,place%2C%20such%20as%20the%20television.''2.",1
Health.com:,1
https://www.mentalhealth.com/blog/decoding-the-voices-of-schizophrenia,1
https://www.sciencedaily.com/releases/2024/10/241003145445.htm,1
"%20education%2C-,What%20happens%20in%20the%20brain%20when,with%20schizophrenia%20'hears%20voice",1
Credits,1
r,1
baduk,1
gone,1
hiding,1
achieve,1
rivers,1
standpoint,1
ugliness,1
Peach,1
porcelain,1
doll,1
comforting,1
panacea,1
electrolyte,1
fiber,1
sh\*t,1
pole,1
incompetence,1
ingredient,1
oregano,1
thrust,1
pestle,1
grater,1
mortar,1
cube,1
pan,1
heat,1
spoon,1
thyme,1
pinch,1
ideal,1
warmth,1
browner,1
watch,1
thingymajigy,1
fading,1
heartfelt,1
'Also,1
Quetiapine,1
policer,1
Dad,1
bakery,1
''Conclusion,1
post.,1
Congrats,1
AccessAbility,1
homestate,1
kudo,1
fathers,1
hoodie,1
revival,1
pup,1
corgis,1
breed,1
hound,1
"=""",1
schizoposting,1
ableism,1
fortitude,1
shovel,1
bother,1
tour,1
daytime,1
weirder,1
cooker,1
aisle,1
cheerleader,1
pom-pom,1
sitcom,1
supervillain,1
probe,1
commenting,1
sweden,1
eyedoctor,1
tumour,1
Doc,1
caulking,1
squirrel,1
a.m,1
forrest,1
brah,1
Hollywood,1
extremist,1
Schizophrenics,1
patronise,1
discuss,1
economics,1
millionare,1
truer,1
distratch,1
parallel,1
diversity,1
derailment,1
theology,1
create,1
ranting,1
sharp,1
subsidy,1
cordage,1
bushcraft,1
SZA,1
impulse,1
paralegal,1
deli,1
clerk,1
stalk,1
liquor,1
xoxo,1
moderation,1
oneness,1
yogis,1
oness,1
fragment,1
Jrt,1
starting,1
bub,1
beasts,1
fiduciary,1
unwavering,1
rose,1
ching,1
toughest,1
Soldiers,1
ggwp,1
dsbm,1
crayon,1
discard,1
scrap,1
sketch,1
multimedia,1
slate,1
broadcasting,1
clearer,1
Dissociation,1
lotion,1
freakout,1
qualitie,1
husk,1
tribalism,1
rocking,1
Anti-psychiatry,1
dealing,1
karma,1
=p,1
World,1
ignorant,1
gotto,1
mobility,1
wtv,1
bugs,1
disassociation,1
crawl,1
cartoony,1
protocol,1
jumping,1
lessen,1
fam,1
diaper,1
peep,1
escalation,1
divulge,1
amusing,1
chopp,1
opps,1
firewood,1
pastel,1
irby,1
...out,1
'n,1
cueball,1
hiccup,1
mismo,1
alright,1
booze,1
beholder,1
amt,1
depresion,1
brainrot,1
>'s,1
cumbersome,1
Cptsd,1
subtraction,1
schizophrena,1
betterment,1
tbf,1
wonderland,1
40,1
trademark,1
civilian,1
raising,1
socialise,1
behavioral,1
develop,1
anticipation,1
mafia,1
bestfriend,1
reclassification,1
biography,1
wormy,1
open,1
chainsaw,1
rev,1
falling,1
wailing,1
defecation,1
backstory,1
meme,1
r/ocd,1
dstance,1
FEp,1
assessament,1
16ish,1
hypo,1
knive,1
ex.,1
sideways,1
preteens,1
justin,1
bieber,1
psychtrist,1
grandpa,1
throw,1
ids,1
accute,1
Brit,1
20',1
afab,1
tightness,1
institutionalization,1
needs.Bloodwork,1
GI,1
arbiter,1
dialog,1
motives,1
ego-centrism,1
dreamer,1
liberation,1
anosognisia,1
Qutiapine,1
prodrug,1
Schizo,1
Psychiatry,1
shortcoming,1
chronic,1
sector,1
incentive,1
negotiation,1
prEp,1
preventative,1
transmission,1
replication,1
prevent,1
activist,1
FDa,1
interface,1
wafe,1
american,1
Pharmaceutical,1
hum,1
telephone,1
darkweb,1
bumper,1
hook,1
tfranncis,1
ck,1
its,1
newspaper,1
headline,1
microwaves,1
manipulation,1
computers,1
towers,1
gow,1
endeavour,1
Bachelor,1
fck,1
yeahhh,1
flowers,1
jeans,1
graduating,1
bit.,1
bff,1
semesters,1
chad,1
gratitude,1
satisfaction,1
celebration,1
tassel,1
cliché,1
sultry,1
robe,1
='>ö,1
bona,1
Congratulationsssss,1
lt;3,1
comedy,1
mysrlf,1
synonym,1
transgender,1
differing,1
monolith,1
keyword,1
firsthand,1
audacity,1
experince,1
deep,1
fr,1
mannner,1
tiktoker,1
epitome,1
texts,1
issue.ocd,1
slang,1
circus,1
1900,1
2000,1
intricacy,1
methodology,1
stat,1
Maliciousness,1
stats,1
laughy,1
clout,1
offence,1
comedian,1
reactivity,1
caption,1
hahaha,1
tumblr/tiktok,1
instagram,1
_with,1
2cent,1
wild,1
giddy,1
crown,1
verb,1
bitchass,1
homy,1
lube,1
deserve,1
veterinary,1
osteoarthritis,1
Police,1
Officer,1
fury,1
utv',1
onslatch,1
trucker,1
motherfucking,1
Disease,1
demonisation,1
amidst,1
charle,1
manson,1
negligence,1
weaponisation,1
roulette,1
become,1
distressing,1
resentment,1
\_testimony/?utm\_source=share&amp;utm\_medium=web3x&amp;utm\_name=web3xcss&amp;utm\_term=1&amp;utm\_content=share\_button,1
û=g,1
awesome,1
navigation,1
bliss,1
fluoride,1
stake,1
lobe,1
anesthesia,1
questions.0,1
Lobotomy,1
Shamans,1
undone,1
lmaooooooo,1
tysm,1
dress,1
<ç,1
goddess,1
diameter,1
canva,1
Lupine,1
=¡,1
wowser,1
bitching,1
non-schizophrenic,1
grieving,1
fecking,1
segregation,1
tourist,1
deaf,1
irritat,1
petty,1
s/o,1
>*g,1
prefer,1
connotation,1
paychologist,1
ressource,1
understatement,1
prurience,1
disturb,1
mill,1
scepticism,1
clients,1
jolly,1
restraint,1
hispitalisation,1
harming,1
hallicination,1
someome,1
nevermind,1
prurification,1
rlationship_advice,1
accreditation,1
universities,1
doctorate,1
premium,1
ministration,1
vanity,1
Asshat,1
cushy,1
diagnosis',1
imma,1
perps,1
schadenfreude,1
vib,1
..one,1
screenplay,1
tourism,1
broading,1
medication.,1
housemate,1
>y=¤,1
bookkeping,1
notebook,1
nothing,1
validity,1
Razors,1
cray,1
s=g,1
û=L,1
rupturing,1
cyst,1
>p=¤,1
who,1
=z,1
rivas,1
sheik,1
reformist,1
Breathtaking,1
wash,1
knees,1
scout,1
hike,1
oblivion,1
cubicle,1
thru,1
views,1
doubt'ask,1
bdayyy,1
Birthdayy,1
birfday,1
s<g,1
plushie,1
birthdayyyy,1
birthdayyyyy,1
birthhhdayyyyy,1
dearrrr,1
b-day,1
=B=m,1
sushi,1
shnitzel,1
spicy,1
¨chef,1
kiss,1
thaaaank,1
Mastermind,1
schnitzel,1
c=B,1
petition,1
litmus,1
dweeb,1
derogatory,1
dork,1
fkin,1
dawg,1
ostracization,1
assuredness,1
goalpost,1
replace,1
jokey,1
compass,1
normalise,1
misrepresentation,1
banter,1
currency,1
possess,1
headg,1
offensive,1
npc.,1
shorthand,1
Teenager,1
labour,1
horse,1
pareto,1
distribution,1
ridicule,1
Society,1
perv,1
immense,1
stride,1
proudness,1
=O<8,1
metalhead,1
post-rock,1
swan,1
emperor,1
Gy,1
laster,1
wiegedood,1
beverast,1
pumpkin,1
black,1
crimson,1
haircut,1
lash,1
monday,1
spatulafucker5,1
sexy,1
fkn,1
spatula,1
emo,1
r/dph,1
r/dextrodoomer,1
trolling,1
palette,1
cart=g,1
complexion,1
='=¤,1
pale,1
S,1
eyeliner,1
goth,1
slay,1
selfy,1
indifference,1
shaminism,1
totem,1
Kratom,1
schizhophrenia,1
leafer,1
planter,1
evergreen,1
soil,1
clover,1
bonsai,1
gorgeou,1
peek,1
rack,1
vintage,1
restoration,1
innovation,1
''>yd,1
debris,1
meditat,1
Stimulants,1
fulfilling,1
depressing,1
meanwhile,1
hobo,1
fabric,1
slow,1
pearson,1
licenze,1
eurovision,1
Eurovision,1
comunication,1
schisophrenick,1
womens,1
dagger,1
Vuse,1
cartridge,1
scenery,1
>s,1
=¼,1
Pastille,1
darling,1
uplift,1
https://open.spotify.com/artist/68fhxiywhrzz3djagmtg5k,1
stepchild,1
Copd,1
lozenge,1
til,1
condolence,1
schizopost,1
neurodiversity,1
r-word,1
prankster,1
prank,1
cretins,1
spectacle,1
palm,1
touching,1
>x,1
d-bag,1
downtown,1
decency,1
lolcow,1
''Video,1
gee,1
shootings,1
relevance,1
discussing,1
slop,1
scumbag,1
stupidity,1
doomscrolling,1
thumb,1
ext,1
Daughter,1
hops,1
proofread,1
kiwifarm,1
nobody,1
tf,1
schizophenia,1
insensitivity,1
doomerism,1
douchebag,1
socials,1
oh,1
Tok,1
conservative,1
likes,1
neurotypcal,1
bandwagon,1
Monster,1
neurotypical,1
booster,1
bezig,1
Ã,1
erg,1
leuk,1
brove,1
kilometer,1
asf,1
remind,1
Pardee,1
wallpaper,1
Math,1
sail,1
rogue,1
neat,1
lateness,1
fucker,1
cosplay,1
sw,1
hugs,1
cutie,1
haver,1
freezing,1
freckle,1
70,1
24hr,1
headband,1
dungeon,1
wooble,1
tutorials,1
impossibility,1
narritive,1
dynasty,1
proximity,1
2yr,1
12d,1
=6,1
<þ,1
shading,1
oc,1
litte,1
december,1
psychotherapist,1
collective,1
!a,1
strike,1
sick,1
degrading,1
atmo,1
seeking,1
eugenic,1
abelism,1
semifasciata,1
geomagnetism,1
sharks,1
worlder,1
normals,1
upset,1
ash,1
gentleness,1
sweetheart,1
fatass,1
explosion,1
resemble,1
D3,1
allusion,1
Log,1
diagnosise,1
forbearence,1
official,1
baggage,1
xtra,1
freaky,1
thirtie,1
toxic,1
grindr,1
centere,1
loll,1
miriad,1
fell,1
loner,1
<8>g,1
<1,1
pink,1
colour,1
gloss,1
medsd,1
schizotok,1
schizogram,1
bladder,1
='',1
woke,1
mutual,1
psychopathic,1
satire,1
tumblr,1
Schizoposting,1
races,1
Freemasons,1
Satan,1
rhetoric,1
fwiw,1
sliver,1
commiseration,1
nihilism,1
icu,1
firefly,1
4am,1
flux,1
zen,1
iteration,1
unending,1
sisyphus,1
ebb,1
nihilist,1
haPove,1
loathing,1
degradation,1
myth.,1
gn,1
equity,1
Tldr,1
lily,1
septum,1
trainer,1
hysterectomy,1
>á,1
sovereignty,1
stealing,1
illustrator,1
Prop,1
ripple,1
writh,1
bodypart,1
bleeding,1
=M,1
casserole,1
sir,1
doggie,1
cinnamon,1
peppermint,1
lifesaver,1
redwood,1
reserve,1
regrets,1
entanglement,1
P!,1
nk,1
possibilty,1
nor,1
astrophysic,1
jackass,1
subconscious,1
regression,1
hypnosis,1
logo,1
hunch,1
recruitation,1
PTSD,1
!!!!!>y=¤,1
=-=¤,1
prosperity,1
boot,1
=_='s,1
bobs,1
piercing,1
respects,1
w=J,1
biopsych,1
axe,1
ax,1
-mini,1
vest,1
spotlights,1
asset,1
=4,1
a'lil,1
spree,1
tryna,1
cope,1
deprecation,1
=C,1
emojis,1
system'Let,1
froggo,1
posts/comment,1
toil,1
attitude*/*,1
P.s,1
dismiss,1
disservice,1
noob,1
frog,1
co-ordinate,1
=2,1
xd,1
specificity,1
modification,1
variation,1
experiences'NAMI.org,1
sitch,1
judegment,1
grippy,1
torment,1
lobby,1
condensing,1
transaction,1
amy,1
thst,1
unreliability,1
somethe,1
>é,1
godammmit,1
condtion,1
Hereee,1
verf,1
schieb,1
dre,1
bestie,1
shady,1
idgaf,1
Weed,1
Peropagated,1
SCHIZOPHRENICS,1
>y=¤=¤=¤,1
!!=¤,1
stunner,1
frown,1
=K=K=ª='=ª,1
Pixy,1
saggy,1
sharpie,1
cryptid,1
Whats,1
endure,1
gummit,1
MUAH,1
daymare,1
sighting,1
mullet,1
braid,1
skullet,1
ska,1
-punk,1
fang,1
locks,1
internationality,1
mete,1
Nunavut,1
inuits,1
f\*,1
questioning,1
corresponding,1
>'g,1
risen,1
transness,1
likelihood,1
mtf,1
bigot,1
transphobia,1
qualifier,1
cis,1
knowlege,1
Recourse,1
I,1
physician,1
parenthood,1
transitioning,1
horseshit,1
lgbt,1
manage,1
meof,1
diagnostic,1
lgbtq,1
transphobe,1
SDm,1
12th,1
hire,1
might,1
suffice,1
non-believer,1
manners,1
next,1
shepherd,1
herder,1
testament,1
census,1
Gospel,1
governor,1
Ce,1
Passover,1
fasting,1
Masters,1
mba,1
final,1
cosmetology,1
stylist,1
esthetician,1
corner.Thank,1
thirsty,1
'radiog,1
blackout,1
expat,1
thursday,1
acupuncturist,1
"NADA",1
accupuncture,1
restlestness,1
inspire,1
\_8A,1
mouldability,1
drinker,1
triage,1
Antispychotic,1
yet,1
laps,1
carbamazapine,1
pregablin,1
=Þ,1
Mon'Sat,1
icallhelpline.org,1
'AASRa,1
x7,1
"9840888882''""",1
indion,1
grill,1
gazebo,1
psicoterapist,1
stigmatisation,1
me&lt,1
comment&lt;3,1
future&lt,1
categorization,1
vulva,1
scrotum,1
melanin,1
put,1
disrespectfulness,1
sarcasm,1
irmb,1
Wais,1
iv,1
asphyxiation,1
forhead,1
drill,1
beanbag,1
grace,1
catharsis,1
rebirth,1
paradise,1
terrier,1
inch,1
