0.	msg	 luegsch wieder?:)[1-3] haha nei ;)[4-6] okay :)[7-8] jetzt isch huere scheisse:/[9-13] 


1.	msg	 hahahaha muschen au go luege :D[1-5] hahaha okay :)[6-8] :)[9-9] haha hesch euses zimmer gseh? :)  emojiQseeNoEvilMonkey[10-17] 


2.	msg	 haha ehmmm sorryy ich grad voll chlii schwierig mennoo :( segs dir wenni chan okay? :([1-9] jaa ok ;)[10-12] 


3.	msg	 haha das luegt mini sis au[1-5] haha okay :)[6-8] mediaQremoved[9-9] hahaha  emojiQfaceWithTearsOfJoy[10-11] haha du bisch soo fiees[12-16] 


4.	msg	 haha du musch dir quizduelle abelade isch mega lustig[1-3] hahaha jaaok wart[4-6] okay emojiQokHandSign[7-8] Isch ja geil *_* wie heissisch?9[9-16] 


5.	msg	 Isch ja geil *_* wie heissisch?9[1-3] haha [UserName][4-5] haha okay[6-7] mediaQremoved[8-8] Hett er ned schöni zäh :D[9-14] 


6.	msg	 De eint isch arzt sportlerere spilt tennis fuessball isch am boxe und spielt basketball:0[1-5] wow okay[6-7] hahaha jaa gell raawrr emojiQtigerFace[8-12] 


7.	msg	 echt?^^ kuuhll haha[1-4] haha jap[5-6] okay :)[7-8] wiesch wie geil wennd spaniscj voll geil chasch O.o[9-18] 


8.	msg	 wieso? :)[1-2] haha nur so[3-5] haha okay ^^[6-8] du?[9-10] haha ich hett au gfregt was los isch[11-18] 


9.	msg	 ich glaub nid :/[1-2] luege mer 2min[3-6] okay :)[7-8] haha[9-9] dafuq? haha[10-12] 


10.	msg	 hahhahahah ulrica [LastName], 2a[1-3] mediaQremoved[4-4] 13 worde[5-6] okay perf emojiQpersonRaisingBothHandsInCelebration  wart churz[7-11] hahahhaa ok emojiQfaceWithTearsOfJoy[12-14] 


11.	msg	 das hemmer gnueg oft gmacht:D sie luegt ihn denn immer ah denn fregt er: staht die uf mich denn fangi a lache denn wirder mega root emojiQfaceWithTearsOfJoy[1-5] haha okay  emojiQokHandSign  emojiQpersonRaisingBothHandsInCelebration[6-9] hahaahahaha emojiQfaceWithTearsOfJoy  nachher chemeds echt zemme[10-15] 


12.	msg	 hahah easy wart ich schick der zwei bilder[1-6] okay :D[7-8] .•.[9-11] _~_[12-14] 


13.	msg	 haha ehm ja vlt au weg dem..[1-6] okay alsoo das stimnt echt nsd!!![7-13] 


14.	msg	 haha aber es isch en englische name[1-1] ich will ned[2-4] :P[5-5] haha okay emojiQsmirkingFace[6-8] haha[9-9] ich wirds usefinde  emojiQsmirkingFace[10-13] 


15.	msg	 haha gott ich will au so en fründ..[1-5] hahah okay[6-7] haha ehmm han voll de vorschlag:o[8-15] 


16.	msg	 Ehmm chentisch mir vlt schnel les foti vomim status schicke gsehnen ned emojiQgrinningFaceWithSmilingEyes[1-5] hahha okay wart[6-8] haha merci[9-10] mediaQremoved[11-11] haha super merci :)[12-15] 


17.	msg	 Haha ich suech no anderi:')[1-5] hahahha okay emojiQfaceWithTearsOfJoy[6-8] boahh hett kei -.-[9-12] 


18.	msg	  emojiQsmirkingFace  Dein_orakrl[1-3] orakel*[4-5] Haha okay wart emojiQfaceWithTearsOfJoy  emojiQsmirkingFace[6-10]  emojiQfaceWithTearsOfJoy  emojiQfaceWithTearsOfJoy  emojiQolderWoman[11-13] 


19.	msg	 dooch kenn sie ebbe chan chli wahri sache sege  emojiQfaceWithTearsOfJoy[1-5] hahah okay[6-7] Haha mini antwort pilar isch scheisse:/[8-14] 


20.	msg	 haha guud seig eifach wer du amigs willsch[1-5] hahah okay! wem heschs du verzellt? emojiQfaceWithTearsOfJoy[6-14] 


21.	msg	 haha okk mac wenn mer eppis ivallt:D[1-5] haha okay[6-7] fallt der eppis ii?! mir hend scho 2[8-16] 


22.	msg	 haha schick a NNNN live[1-1] chostet 80 rappe :D[2-5] hehhehe okay[6-7] machsch haha?:') ned<br/>Zuu süchtig werde emojiQwhiteUpPointingIndex[8-16] 


23.	msg	 haha alsoo du musch couvert+geld+name+klass is sovfächli legge bis am 28.[1-1] schicksch am carlos emojiQsmirkingFace[2-5] ahaa okay :) neiiii getrau mi nöd.. :([6-14] 


24.	msg	 hänge dans mon bett  emojiQwhiteSmilingFace  du?[1-1] haha xfactor luege emojiQeyes[2-5] hahahha okay[6-7] kennsch?[8-9] oui oui[10-11] ehmm hesch eigentlich es egopic mit dinere kamera?:$ denn chani dini auge so geil mache :')[12-29] 


25.	msg	  emojiQfaceWithTearsOfJoy[1-1] haha egaal wart:D[2-5] haha okay[6-7] haha[8-8] ?[9-9] ? ?[10-11] ? ? ?[12-14] 


26.	msg	 ouu :/ auu aber erst am abig[1-5] haha okay[6-7] viel test?[8-10] haa scho no; do franz, fri latsch, nechst mo physik, di mathi und do musik.. ihr?[11-32] 


27.	msg	 du chasch so tue als wärsch mis surfboard emojiQsurfer[1-5] aah okay..[6-8] hahaha emojiQfaceWithTearsOfJoy  emojiQsmirkingFace[9-11] hahaha ich freu mich megaa :D[12-17] 


28.	msg	 de best boifrend ischni eisere klass*-*[1-6] okay haha[7-8] whaat? echt![9-12] 


29.	msg	 Glaub aber ned haha emojiQseeNoEvilMonkey  emojiQvictoryHand[1-5] hahah okay[6-7] haha[8-8] :p[9-9] mediaQremoved[10-10] hahaha lass die blumen wachsen:') emojiQokHandSign[11-17] 


30.	msg	 hahah jaa wo?[1-1] haha nee egaal:D[2-5] haha okay[6-7] haha[8-8] schicksch  em carlos rose? emojiQsmirkingFace  emojiQhoneybee  emojiQrose[9-16] 


31.	msg	 weisch no die vo ask? Paypaymonster?:D[1-6] okay fein! :)[7-10] haha jaa warum?[11-14] 


32.	msg	 und jetzt huere scheisse ;([1-1] beste webber emojiQsmirkingFace[2-4] haha jaa okay gymi isch au ned so schlecht bestaht au nur us so tuee als zulose penne und zeichne emojiQfaceWithTearsOfJoy[5-25] 


33.	msg	 ahh:D[1-2] hilf mer:([3-5] morn okay? :)[6-9] nee :( biitteeee[10-12] 


34.	msg	 Schuel isch schono geil aber halt am arsch und es hett huere schwierigi fächer: wirtschaft und recht hani mal zuegluegt>.< ich bliib hoproo emojiQpersonRaisingBothHandsInCelebration  emojiQheavyBlackHeart[1-3] Einssiebeneinssieben emojiQheavyBlackHeart[4-5] hahaha okidoki :)  emojiQtwoHearts[6-9] duu??[10-11] weiss nanig :/[12-14] 


35.	msg	 heii sini sind zchlii![1-3] hahaha garantiert ned[4-6] okay wennds ned akkzeptiere willsch[7-11] Zeeit emojiQheavyBlackHeart[12-13] 


36.	msg	 meistens isch s e bin.  emojiQpileOfPoo  wenn s quadratzahle drin het also zum bispil x^2/16/NNN/z^2u^2 &' das zweimal damit e bin. formle drus chasch mache ;)[1-5] ahh okay merci[6-8] bim uuschlammere hets meistens vil buechstabe &'gmeinsami teiler vode zahle[9-20] 


37.	msg	 jaa<br/>Chani nachrr mache :)  emojiQsparklingHeart[1-3]  emojiQheavyBlackHeart  emojiQgreenHeart  emojiQgrowingHeart[4-6] okidoki :)[7-8]  emojiQtwoHearts  emojiQheavyBlackHeart[9-10] gn8 brudi mues wider s handy abgeh -.- hab disch lieb :*  emojiQheavyBlackHeart  emojiQtwoHearts[11-24] 


38.	msg	 heeii es tuet mer mega leid aber de célestine gahts grad ned so guet will ichs so guet mit allne han und sie grad voll strit ide klass hend desshalb würi lieber ned cho emojiQdisappointedFace  ich hoff du verstahsch das emojiQheavyBlackHeart  ich schick dir susch hüt abig mini tickets und denn chasch susch ja au mitem böhi oderso gah (usserd anna!:() guet?  emojiQdisappointedFace[1-4] ouhh :/ okay iaa klar chani verstah  emojiQgrinningFaceWithSmilingEyes  emojiQwinkingFace   keis problem :)  emojiQheavyBlackHeart  nee isch scho guet dankeh ;) hoff ihre gahts bald besser :/  emojiQtwoHearts  :))[5-31] 


39.	msg	 also duuh hesch nacher -6x^2 durch die 3x = -2x<br/>-2x mal 3x git -6x^2 (- mal minus git plus drum isch s denn null) und s andere git -8x[1-4] aha^^ okay merci probiers nomal :)[5-11] hmm &' denn hesch eigentlich wider minus mal minus git plus drum +8x also 17x+8x git 25x<br/>aber 25 gaht nöd dur 3 :/[12-43] 


40.	msg	 gaht nöd  emojiQspeakNoEvilMonkey[1-3] ohdoch emojiQspeakNoEvilMonkey  emojiQheavyBlackHeart[4-6] okidoki vil spass :)  emojiQheavyBlackHeart  emojiQtwoHearts[7-12] 


41.	msg	 Standort: http://maps.google.com/?q=47.NNNNN,7.NNNNNN[1-2] Dän chumi zo dir okay?[3-8] Jap[9-9] Aber bisch chli zfrüeh wenn scho zrothrist bisch[10-17] 


42.	msg	 Mir chömed so ca. Gegä diä 3 morn isch okay?[1-8] Werkzüg häsch alläs bi dir?[9-14] 


43.	msg	 Ok morn isch au guet[1-3] NNN[4-4] NNN isch okay[5-7] Goht dämfall no[8-10] Bessor als NNNN[11-13] 


44.	msg	 Scho lang[1-1] Chunsch inor stund doh verbi okay?[2-8] Bi zwüsche 15 ab und halbi zgelti[9-15] 


45.	msg	 Ich han nid mal min stundeplan im chopf[1-3] redactedQ5tokens18characters[4-4] redactedQ24tokens120characters[5-5] Haha okay da d katalin au dihei gsi isch hani mers denkt und dir denn nüme gschribe[6-22] 


46.	msg	 hmmm<br/>na das isch ja no harmlos...zwar scheisse aber s het schlimmer chönä cho...di meiste exfründine verhalted sich nachere tränig äso...wils schwer isch öperem id auge ds luege wome s herz brochä hät, schlächds gwüsse und so...wi lang isch dän das heer?<br/>i hetti ledst summer ghürate...und jetzt hasst si mi und hät ä neui und i gsen si dauernd will mr de gliich kolegächreis händ...das isch doch mal s follä programm[1-4] redactedQ30tokens139characters[5-5] hm okidoki<br/>naja...immerhiin 3moned das chunt scho widr  emojiQwinkingFace<br/>scho easy...ha es diks fäll und bi immer sehr positiv  emojiQsmilingFaceWithSmilingEyes<br/>wonsch no dihei bi dä eltärä?[6-37] 


47.	msg	 jup...und het gester nacht gad nochli lesbe dobe gha...ha immer gmeint i de berge gids nur heteros[1-1] redactedQ4tokens17characters[2-2]  emojiQfaceWithStuckOutTongueAndTightlyClosedEyes[3-3] redactedQ2tokens12characters[4-4] redactedQ3tokens14characters[5-5] redactedQ6tokens32characters[6-6] okidoki<br/>schlaf schön, danke gliichfals[7-12] 


48.	msg	 aber den chöntsch eigedli ja easy no es stündli mit mir am see henge...chasch di ja vorher parat mache[1-3] redactedQ1tokens1characters[4-4] redactedQ11tokens53characters[5-5]  emojiQdisappointedButRelievedFace  okidoki[6-7] do?[8-9] redactedQ4tokens23characters[10-10] ich find dich imfal ganz e blödi  emojiQfaceWithStuckOutTongueAndTightlyClosedEyes[11-18] 


49.	msg	 hey maus was tusch morn?[1-4] ?[5-5] redactedQ10tokens49characters[6-6] okidoki[7-7] redactedQ4tokens24characters[8-8]  emojiQdisappointedButRelievedFace[9-9] redactedQ3tokens14characters[10-10] dumme kiffer[11-12] 


50.	msg	 ups...das mitm spatz het nöd söle sta  emojiQfaceWithTearsOfJoy[1-3] redactedQ1tokens3characters[4-4] redactedQ4tokens21characters[5-5] hihi okidoki[6-7] wedsch mer hälfä?[8-11] redactedQ2tokens7characters[12-12] 


51.	msg	 mediaQremoved[1-1] mediaQremoved[2-2] weles?[3-4] redactedQ2tokens10characters[5-5] redactedQ3tokens14characters[6-6] okidoki[7-7]  emojiQthumbsUpSign[8-8] redactedQ1tokens1characters[9-9]  emojiQwinkingFace  emojiQfaceThrowingAKiss[10-11] redactedQ1tokens2characters[12-12] 


52.	msg	 wenn gads dir?[1-1] redactedQ5tokens21characters[2-2] redactedQ4tokens22characters[3-3] redactedQ1tokens3characters[4-4] bi?[5-6] okidoki[7-7] mediaQremoved[8-8] mediaQremoved[9-9] hups etz häds grad chli gräbläd[10-15] 


53.	msg	 joaaaa mir atmä zwätschgälis  emojiQsmilingFaceWithOpenMouthAndSmilingEyes[1-2] armä[3-3] redactedQ1tokens1characters[4-4] redactedQ7tokens34characters[5-5] redactedQ3tokens15characters[6-6] okidoki<br/>wünsch de ganz en tolle abig  emojiQwinkingFace<br/>dankedanke i halte mi hüt a DIÄ weisheit:[7-23] 


54.	msg	 ... du bisch wieder online gsi, also gahni devo us das dis Handy wieder gfunde hesch - Lilian chasch du mir evt. segä was jetz los isch? Du hesch no Züg bi mir, den Mieti und Schlüssel heni au nonig übercho?!? Sorry aber du weisch nöd erst sit letscht Wuch das endi Februar usse musch - und jetz hemer scho afangs März... wenn s'Geld nonig hesch oder Zit zum zügle bruchsch, den wäri froh wenn mich ufm laufende haltisch! Also entweder isch das bis endi Wuch greglet (Zimmer gruumt, Mieti und Schlüssel abgeh - ussert Sache im Keller chasch no lah... han ja gseit dases okay isch) oder ich nim das selber it Hand, aber den musch am Schluss nöd umezicke!?![1-25] 


55.	msg	 wiso bisch den du noni am pfüsele?[1-3] redactedQ9tokens43characters[4-4] redactedQ3tokens8characters[5-5] hihi okidoki<br/>pfus guet und träum schön  emojiQwinkingFace  emojiQfaceThrowingAKiss[6-14] 


56.	msg	 so züg hend mir sledst mal ir 5.klass odr so gmachd[1-2] mediaQremoved[3-3] redactedQ21tokens124characters[4-4] redactedQ1tokens1characters[5-5] hihi okidoki<br/>chchch de isch doch huere geil[6-13] 


57.	msg	 joaaa[1-1] es wird 7i[2-4] redactedQ6tokens30characters[5-5] redactedQ4tokens18characters[6-6] okidoki...bis wenn den no?<br/>kuliooo  emojiQsmilingFaceWithSmilingEyes  emojiQthumbsUpSign[7-16] 


58.	msg	 echt?...di hend sich ledst wuche bi dir gmuldä?!<br/>na i ha denkt i schiks dir mal...i ha mi etz mal agmuldä...<br/>mol sicher chani mi erinnärä[1-1] redactedQ12tokens61characters[2-2] ach so  emojiQfaceWithTearsOfJoy  emojiQfaceWithTearsOfJoy<br/>okidoki[3-7] mediaQremoved[8-8] redactedQ2tokens13characters[9-9] wer isch den din neue schatz?[10-16] 


59.	msg	 Jo so nach zuestand NNNN-NNNN oder halt noch obe offe[1-1] Jo und mir doch glich[2-6] okay[7-7] und wa würdsch du wölle öppe usgeh?[8-15] 


60.	msg	 Aber mini chli isch ebe mit elektrode, da hemer det ned gmacht wil da veraltet seg  emojiQexpressionlessFace[1-5] haha[6-6] okay[7-7] aber hesch dini au scho brucht?[8-14] 


61.	msg	 Besser andersmol, wil i bin gescht ned dehei gsi zume esse, denn het oma gseit sie macht da wa sie gescht het wele choche hüt und denn söti scho do si[1-6] okay[7-7] easy[8-8] sus alles okay?[9-12] 


62.	msg	 Besser andersmol, wil i bin gescht ned dehei gsi zume esse, denn het oma gseit sie macht da wa sie gescht het wele choche hüt und denn söti scho do si[1-2] okay[3-3] easy[4-4] sus alles okay?[5-8] Jo[9-9] ok[10-10]  emojiQgrinningFaceWithSmilingEyes<br/>Adventsrätsel!<br/><br/>Du fährst mit dem Auto und hältst eine konstante Geschwindigkeit.<br/>Auf Deiner linken<br/>Seite befindet sich ein Abhang. Auf deiner rechten Seite fährt ein riesiges Feuerwehrauto und hält die gleiche<br/>Geschwindigkeit wie du. Vor dir galoppiert ein Schwein, das eindeutig grösser ist als dein Auto und du kannst nicht<br/>vorbei. Hinter dir verfolgt dich ein Hubschrauber auf Bodenhöhe. Das Schwein und der Hubschrauber haben exakt deine<br/>Geschwindigkeit. Was unternimmst du, um dieser Situation gefahrlos zu entkommen ???<br/><br/><br/>Antwort:<br/>Vom Kinderkarussell absteigen und<br/>weniger Glühwein "saufen" !!!<br/>? ° ·  emojiQsnowflake ? · ? ? ? ? ? emojiQsnowflake<br/>?° ? ° ?? ? · ? ? ?<br/> emojiQsparkles Schöne  emojiQsparkles  ? · ? ? ?<br/>?weihnachtszeit emojiQfatherChristmas   emojiQsnowmanWithoutSnow ?<br/>  _?_? ? ? ? ? emojiQsnowflake  ? ?<br/>/____?/ ??? ? ? ?<br/>l??? |?| ? ? ? ? · emojiQsnowflake[11-178] 


63.	msg	 Jo glaubd isch aber teuer wils uf inet usgleit isch[1-6] okay[7-7] zeig mol es föteli vomne e30 zweitürer[8-15] 


64.	msg	 Jo die werdeds au wuesse obs derfed sust wuereds mi ned cho lo[1-6] okay[7-7] wenn chasch goh?[8-11] Er het gseit isch glich, i han mol gseit am 19. Dez. Wel denn hani am nomi frei gno[12-31] 


65.	msg	 Jo scho aber sie het jo do ihres zuegs wegem kat. Ned das er no ablit, wel sie het da limit wo de mech ihre geh het scho lang ueberschritte[1-6] okay[7-7] und de vom opa fahrt voll guet?[8-15] 


66.	msg	 Jo i han en gfrogt er meint NNNN segs minimum, i wet aber das ern neu vorfüehre würd, aber de schribt ned zrug[1-1] ok[2-2] NNNk km isch okay?[3-8] Jo schwer zum sege, es git sotig wod noch 50k scho am arsch sind und setig wo mit NNNk no laufed wie en uhr, chunt halt drufah wied demit umgosch[9-42] 


67.	msg	 Zum bispil wenn er ab ca. NNNNrpm nüm schön witerzieht uns stockt denn chönt nockewelle kaputt si[1-6] okay[7-7] Müsste fascht uf de autobahn mache aber hets in FL überhaupt eini?[8-20] 


68.	msg	 Vilicht hets e paar gha wo en verhange hen und do nogholt hend[1-6] okay[7-7] aber nehme tüends nur 64?[8-13] 


69.	msg	 Jo i weiss ned ob i denn "gsperrt" bin oder ob i nomol cha goh, wel sie tünd jo da blatt aluege und da isch jo theoretisch bim 2. Mol sglich wot aneschribsch, wel es isch so über selbstbewertig, stärke schwäche und so sache[1-6] okay[7-7] mediaQremoved[8-8] Hoi, chasch dem bitte mol en email schribe, so z.B. ob er ledersitz het oder sowas, eifacht zum luege ob er zrugschribt, wil mir schribt er scho sit einere wuche nüme[9-43] 


70.	msg	 Jo ne er isch chrank gsi bi bim ne andre gsi[1-6] okay[7-7] magsch nüm do ane cho?[8-13] 


71.	msg	 z viel gsi?[1-1] Jo dezent[2-3] scho?[4-5] Jo[6-6] okay[7-7] hesch mol wegemne laptop glueged? i befürchte i bruch de ander denn bald[8-21] 


72.	msg	 Gots ned?[1-2] passwort?[3-4] NNNN[5-5] priis okay?[6-8] Ok jo isch guet danke[9-13] 


73.	msg	 I hans au gern wils ned so bitter isch[1-6] okay[7-7] Sie hets mer sogar gratis geh  emojiQthumbsUpSign[8-14] 


74.	msg	 weiss au nöd[1-2] Do stot aber eis[3-6] okay. bi mir amel zwei[7-12] 


75.	msg	 und wenn isch de erst kurs?[1-6] okay. und wenn ischs probeschaffe?[7-13] 


76.	msg	 Nei d mama isch mitem opa gsi han aber gescht no telefoniert, i glaub s isch wieder bizli besser[1-6] okay[7-7] hesch du ihri direkt nummer?[8-13] 


77.	msg	 Erfindig, entwicklig, aktualität im bezug zu hüt etc.[1-6] okay[7-7] und wieviel siite?[8-11] NNNN wörter, ileitig und hauptteil und NNNN zeiche ca. Er meint das seged 2-3 site aber da git chli meh[12-34] 


78.	msg	 Jo eigentlich alles usm internet vorallem wikipedia[1-6] okay da isch demfall erlaubtv[7-11] ?[12-12] 


79.	msg	 Jo kopiere dörfsches nöd, er lots dur so en scanner wo seit obs kopiert isch usem internet. Jo büecher hani am afang au gha, aber wend detailfroge hesch denn ischs internet gäbiger[1-6] okay[7-7] und wie duesch d quelle ageh?[8-14] 


80.	msg	 Was weiss ich isch nur e bispil zum der sege wie wits wär[1-2] Öv isch ca. Glich[3-6] okay[7-7] het er gantwortet?[8-11] Nei noned, isch glaub e garage oder so drum denki nur a werktags[12-25] 


81.	msg	 Nei also er isch eifacht nüm im autoscout, aber üsen verkäufer het gseit, da chan theoretisch au si wil eifacht d laufziit vom inserat fertig isch.[1-6] okay[7-7] jo wenns englisch chönd, chani schomol alüte[8-15] 


82.	msg	 Jo vilicht handlet er. Han gfrogt[1-6] okay[7-7] isch de ab mfk?[8-12] 


83.	msg	 jo aber i ha dene mol gschriebe[1-1] hends nüm zrugggschriebe?[2-5] Nei[6-6] okay...[7-8] Also dasi e-rechnig han isch mol es mail cho als bestätigung[9-19] 


84.	msg	 Mis töffli het no bis ende mai mfk druf, den lauft die ab, kt. ZH het kei mfk pflicht für töffli daher uf di ilöse zum umgoh[1-6] okay[7-7] i ha aber kei ziit ide nöchste täg zum döt higoh[8-18] 


85.	msg	 Jo es stot im sms wo zrugcho isch de operator hegs registriert dasi bestätigt han und i werd über witers informiert[1-6] okay[7-7] und gohts jetzt?[8-11] Nein no nüt cho[12-15] 


86.	msg	 Nei... Han nöd gseh das du gschriebe hesch. Sorry[1-5] scho okay. vöt klappts jo morn[6-12] 


87.	msg	 Nonig... I weiss ned so recht waa. Aber i due glaub was koche oder backe[1-1] ok cool[2-3] und sus alles okay?[4-8] Jooo mara macht gad spielzüüg kaputt[9-14] 


88.	msg	 und zwor es ladekabel fürs iPad[1-6] okay[7-7] sie frogt scho lang[8-11] ok[12-12] 


89.	msg	 gest hemmer ihre die mittel geh. hüt schloft sie eifach, d mama seit das isch vom antibiotika und so. gest isch sie chli fitter gsi.[1-6] okay[7-7] sie het sogar scho stöckli welle ufneh[8-14] 


90.	msg	 jo mit de lösige macht da nüt. eifach damit i biz besser vora chum...[1-6] okay[7-7] jo viellicht hani de samschtig defür ziit[8-14] 


91.	msg	 jo chömmer. i mue moll luege was mir nöchst wuche für e prüefig hend (mathe oder dütsch odr franz)[1-6] okay[7-7] wohi gosch du morn?[8-12] 


92.	msg	 guet, jo, irgendwenn sett d mama wieder cho. chasch scho, wennd willsch[1-6] okay[7-7] aber suw goht go esse hüt obig, oder?[8-17] 


93.	msg	 sie het gseit, am meiste freud würd ihre es schös bild vo üs 3 gfallr[1-1] gfalle[2-2] wem?[3-4] de mama[5-6] okay[7-7] hmm[8-8] schaffe mir da?[9-12] 


94.	msg	 wieso?[1-1] die weiss meh[2-4] nei scho okay[5-7] i cha sus öppis anders mache[8-13] 


95.	msg	 so, jetzt[1-3] nei e anderi[4-6] okay[7-7] aer mir chönd jo glich lerne[8-13] 


96.	msg	 hihi, jo es ish gad um hünd gange[1-4]  emojiQsmilingFaceWithSmilingEyes[5-5] hehe okay :)[6-8] mediaQremoved[9-9] mediaQremoved[10-10] mediaQremoved[11-11] mediaQremoved[12-12] 


97.	msg	 nei. d mama isch nonig do.[1-6] okay[7-7] chasch de mama sege i chum mitm bus[8-15] 


98.	msg	 Was hesch du zletscht no güebt gha frd Prüefig?[1-4] redactedQ50tokens285characters[5-5] Ah okay[6-7] Hm nei parkiere macht mer gar nid Müeh (hani au mega güebt), aber i mache sicher no paar Autobahnifahrte, Ispure und Hingertsifahrr[8-33] 


99.	msg	 Has nur gad gseh x)[1-1] redactedQ16tokens83characters[2-2] redactedQ12tokens62characters[3-3] redactedQ1tokens5characters[4-4] redactedQ4tokens18characters[5-5] Oh okay[6-7] redactedQ13tokens62characters[8-8] redactedQ6tokens30characters[9-9] I glaub bi üs würds ender spöter usecho  emojiQfaceWithTearsOfJoy  Les Welsch  emojiQfaceWithTearsOfJoy[10-21] 


100.	msg	 Chasch de das vo deheime us?[1-4] redactedQ19tokens95characters[5-5] Ah okay... So ade Bahnhöf?[6-12] 


101.	msg	 I wett au xD Chasch süsch de mi Guetschin ha[1-3] :)[4-4] redactedQ27tokens134characters[5-5] Ah okay:) i sett eifach im Lotto gwinne maaann[6-15] 


102.	msg	 Was gits de ame aus grund ah?[1-3] redactedQ3tokens19characters[4-4] redactedQ73tokens364characters[5-5] Oh okay.... mega schad  emojiQperseveringFace[6-11] I füehle mi abrr au chli schlächt wäg Milano, Montreux und so[12-24] 


103.	msg	 aber ich chan ned lang blibe[1-6] okay[7-7] wo bish[8-9] chume grad han grad uss[10-14] 


104.	msg	 mini fründin het lampänä kouft :P[1-6] okay ? o.O[7-9] chronlüchter i mirä neuä wohnig xD[10-15] 


105.	msg	 felsenou isch es schattäloch[1-4] tiefenou nid[5-6] okay[7-7] mediaQremoved[8-8] so näbä bi :Ü[9-13] 


106.	msg	 Dustin heisst das dustin![1-3] redactedQ2tokens7characters[4-4] redactedQ7tokens31characters[5-5] Isch okay han au nix vom nooly ghört.. Gemmer all is sihlcity?[6-19] 


107.	msg	 Fuck das isch am central[1-2] Also ab as central okay leo?[3-9] mediaQremoved[10-10] redactedQ1tokens7characters[11-11] redactedQ1tokens9characters[12-12] 


108.	msg	 Chömed[1-1] Nemmef de stanislas nit[2-5] Mit okay?[6-8] mediaQremoved[9-9] redactedQ2tokens17characters[10-10] redactedQ7tokens28characters[11-11] redactedQ3tokens19characters[12-12] 


109.	msg	 Am dunnschtig bstelled es paar kollege und ich villicht e pizza bim dominos...<br/>Ich ha drum mal wele fräge, ob d au möchtsch mitmache... emojiQsmilingFaceWithOpenMouthAndTightlyClosedEyes  Ich ha ebe na die 50% guetschii vom 20minute... Suscht wärs eh vill z tür... emojiQfaceSavouringDeliciousFood[1-4] redactedQ26tokens122characters[5-5] Ah okay  emojiQsmilingFaceWithOpenMouth<br/>Denn wünsch dr scho jezt mal en schöne freie namittag!!! Und villicht ja es anders mal emojiQfaceSavouringDeliciousFood[6-26] 


110.	msg	 Ich wünsch dr na en  ganz en guete rutsch ines erfolgriichs nois jahr!!! emojiQsmilingFaceWithOpenMouthAndSmilingEyes  emojiQpartyPopper  emojiQsmilingFaceWithSmilingEyes[1-4] redactedQ29tokens169characters[5-5] Ah okay, denn wünsch dr na en guete schlussspurt bim lerne!!! emojiQsmilingFaceWithSmilingEyes[6-19] 


111.	msg	 Wo isch das scho widr?[1-4] redactedQ5tokens31characters[5-5] Ah okay... Wo söllemr ois denn treffe?[6-14] 


112.	msg	 Hettisch suscht luscht über ostere mal en namittag?[1-4] redactedQ16tokens84characters[5-5] Ah okay... Odr wemmer suscht mal amene werkend gah?[6-16] 


113.	msg	 Das glaub ich dir gern... Abr mir händ ja au kei frriziit und kei kollege... Drum isch das ja okay... emojiQsmilingFaceWithOpenMouthAndSmilingEyes  Händer denn na vill am wucheend?<br/>Voll ja, das kennt glaubs au jede, wenn es praktikum nöd funktioniert odr z wenog output det isch...<br/>Ich beniide oi mediziner teilwiis echt, abr so grundsäzlich händers ja au nõd eifacher wie mir...<br/>D prüefig vo de pflanze isch denn am fritig und am nächschte mittwuch<br/>hani na e probeprüefig i bwl...<br/>Ich därf also na en huufe lerne.[1-83] 


114.	msg	 Ich ha jezt mal wegem wellness aglütet und gseit, mir würed gern vom sunntig (29.6) die drü nächt gah. Si lüted mir denn morn na zrugg, ob das gaht, wills hüt eigentlich zue händ...<br/>Ich hoffe, das isch okay so für dich![1-11] Denn wünsch dr na en schöne sunntig und vill erfolg bim lerne![12-24] 


115.	msg	 Ah ja genau, bevor ichs vergiss... Möchtsch jezt mal eine vo dene angry birds softdrinks probiere?<br/>Ich wür dr suscht morn mal eine mitneh... emojiQsmilingFaceWithOpenMouthAndSmilingEyes[1-4] redactedQ40tokens211characters[5-5] Ah okay... Und wenn d suscht na irgendwenn chönntisch, seisch mrs eifach...[6-20] 


116.	msg	 De so öppe am 18:37 odr 18:39?[1-4] redactedQ3tokens13characters[5-5] Ah okay...[6-8] redactedQ3tokens18characters[9-9] redactedQ6tokens29characters[10-10] Das gaht bis öppe am viertel ab elfi... Das heisst, mir sind denn so öppe am halbi zwölfi dihei...[11-32] 


117.	msg	 redactedQ4tokens21characters[1-1] Was wm?[2-4] redactedQ4tokens17characters[5-5] Ah okay... Sorry...[6-10] redactedQ3tokens14characters[11-11] redactedQ1tokens4characters[12-12] 


118.	msg	 Ich weiss... Was machsch du?[1-4] redactedQ17tokens66characters[5-5] Ah okay... Denn gseht mr dich ja scho bald widr... emojiQsmilingFaceWithOpenMouthAndTightlyClosedEyes[6-18] 


119.	msg	 Weisch du, wenn d prüefigsisicht isch?[1-4] redactedQ29tokens154characters[5-5] Ah okay, denn machemr das doch au na... S cha ja nur besser werde... emojiQgrinningFace[6-23] 


120.	msg	 Apfel-Apfel-Apfel-<br/>Apfel-Apfel-Apfel-<br/>Apfel-Apfel-Apfel-<br/>Apfel-Apfel-Apfel-<br/>Apfel-Apfel-Apfel-<br/>Apfel-Apfel-Apfel-<br/><br/>ICH WEISS 4 DINGE ÜBER DICH:<br/><br/>1) Du hast nicht die Hälfte der ganzen Äpfel  gelesen.<br/><br/>2) Du hast nicht gemerkt das zwischen den ganzen Äpfeln ein Apple steht.<br/><br/>3) Du bist zurück gegangen und hast nach dem Appel gesucht und hast gemerkt, dass ich dich verarscht habe emojiQsmilingFaceWithSmilingEyes ...<br/><br/>4) Du ziehst eine scheiss Fresse, und langsam fängst du immer mehr an zu lächeln.<br/><br/>aber mein/e Liebe/r, ich weiss weitere 11 Dinge über dich:<br/><br/>1) Du liest das grad.<br/><br/>2) Du bist eine menschliche Person.<br/><br/>3) Du kannst nicht das "P" lesen, ohne dabei deine Lippen zu bewegen...<br/><br/>4) Du hast es grad ausprobiert.<br/><br/>5) Du liest weiter.<br/><br/>6) Du liest und denkst dabei wie blöd du bist.<br/><br/>7) Du warst so beschäftig mit dem lesen, dass du nicht bemerkt hast die nummer 5) fehlt.<br/><br/>8) Du hast grad kontrolliert. ob die nummer 5) da ist.<br/><br/>9) Du hast gemerkt dass ich dich schon wieder verarscht habe. emojiQfaceWithStuckOutTongueAndWinkingEye<br/><br/>10) Du lachst.<br/><br/>11) Du überlegst grad wem du mit dieser scheiss nachricht auf den sack gehen kannst... emojiQfaceSavouringDeliciousFood[1-3] redactedQ1tokens3characters[4-4] redactedQ21tokens101characters[5-5] Ah okay... Schad... Abr mr gseht sich ja suscht sicher irgendwenn wider emal!!![6-21] 


121.	msg	 redactedQ4tokens24characters[1-1] miervgwbed ihm boeso[2-4] hhah ä okay gruppe[5-8] hahaha[9-9] ognedwie trinki sitm<br/>dunntsitig[10-13] 


122.	msg	 Also hüt wered mer fashd gstorbe. Ih de letste täg ishes meistens so lala gsii.[1-6] okay, ja denn isches ja na guet wenns nurna en halbe tag isch:)[7-21] 


123.	msg	 ah das isch ja meha nett vo de cocco!<br/>okay also bi so chartetrick chumm ich eh nie mit;)[1-17] 


124.	msg	 Direkt am thunersee :) ih dem ish sho de Liberto gsii.[1-1] Iah, machi :)[2-5] ah okay!:)[6-9] :)[10-10]  emojiQsunWithFace[11-11] Good night! :) ;* ??[12-17] 


125.	msg	 Okei ich muss na luege nechst wuche aber ich schrieb sushd eifach mal :)[1-6] okay:)[7-8] Hey Lila :) ?<br/>Hesh mal lushd mit mir uf Züri z cho? Ich will unbedingt in Brandy aber mini eltere lönd mich ned elei und mitcho will mis mami au ned :)[9-42] 


126.	msg	 Okei. Ich red mal na mit de Emanuele :)[1-6] okay ich seg der denn wie d esthr ufs mail reagiert hed:)[7-19] 


127.	msg	 Ia würkli! Han d Emanuele wegem Ball gfragt, sie het aber nanig zrugghriebe :)[1-5] ah okay jaja sie zieht sicher öbis extravagants ah de vorteil isch, me gseht denn nebe ihre schlichter us wenn sies total übertriebt emojiQsmilingFaceWithOpenMouthAndSmilingEyes[6-30] 


128.	msg	 Hani dich au grad welle Frage :) also mir ishes egal willi soweiso da bin :)[1-6] okay:) ja mit wem wemmer denn überhaupt fiire also mit de belma eher ned und wenn mer d marguerite würed ihlade wärs au komisch[7-31] 


129.	msg	 hallo pa;*<br/>ja ich gange morn und am 31.12 chummi wieder han<br/>mich glaub vertippt letztmal sorry:)<br/>ich würs der denn au erst nach mine ferie verbi bringe wenn das okay isch;)[1-9] Ja Hani denkt :) ja sicher. Schöni Ferie!![10-19] 


130.	msg	 Okei :) ich chume ih 10min. Wenn das okei ish :)[1-5] isch okay bis denn;€[6-10] *;)[11-12] 


131.	msg	 S ish sowieso sho verbi :)mis grossmami hed ebe gseid es segi so super. Ich han eifach denkt ich frag emal :)[1-5] ahaa okay:)<br/>ich han ebe hüt es familietreffe gha darum hani der erst so spat chönne zrugschriebe, susch hetemer chönne gah:)[6-29] 


132.	msg	 oh gueti besserig demfall, ich bin zum glück wieder gsund aber letzt wuche hani die ganzi ziit so komischi magechrämpf gha bi eus isch au chli öpis umegange<br/>oha das hani ned gwüsst, ich han irgendwie so kei kontakt me mit ihre aber het sie dich au weg ihrem geburtstag gfragt, will ich bin ebe weg und jetzt weiss ich ebe ned öb ich vorher na irgendwie söll go znacht esse mit ihre oder so will s isch ja ihre 18.<br/>ah okay super!:)[1-10] Merci :) Ich han ebe au kei kontakt meh. Nur über mis Mami halt. Nei, sie hed mich ned gfragt wegem Geburtstag, nur öb ich ih de zweitletshte Wuche chan cho Blüemli güsse.[11-48] 


133.	msg	 Und agsproche?[1-1] redactedQ1tokens3characters[2-2] redactedQ1tokens4characters[3-3] redactedQ8tokens33characters[4-4] redactedQ6tokens24characters[5-5] Haha okay[6-7] redactedQ3tokens17characters[8-8] Und agsproche?[9-11] redactedQ9tokens39characters[12-12] 


134.	msg	 Haha emojiQfaceWithTearsOfJoy  emojiQfaceWithTearsOfJoy  emojiQseeNoEvilMonkey  wieso denn das?  emojiQfaceWithTearsOfJoy  emojiQflushedFace[1-4] redactedQ8tokens38characters[5-5] Ah okay  emojiQseeNoEvilMonkey[6-8] Das fendi scheisse[9-11] redactedQ24tokens112characters[12-12] 


135.	msg	 Denn gang he und seegs ehm![1-4] redactedQ12tokens71characters[5-5] Ah okay:/[6-8] Next time:*[9-11] redactedQ1tokens4characters[12-12] 


136.	msg	 Und isch din ex au ume?[1-4] redactedQ5tokens29characters[5-5] Ah okay guet![6-9] redactedQ1tokens2characters[10-10] Und wenn chunsch weder hei?[11-16] 


137.	msg	 Ihn azspreche...[1-2] redactedQ12tokens53characters[3-3] redactedQ12tokens55characters[4-4] redactedQ8tokens32characters[5-5] Ah okay[6-7] Tja dann weissi au ned..[8-13] 


138.	msg	 :)) und wm du so?[1-4] redactedQ3tokens14characters[5-5] Haha okay :p[6-8] redactedQ4tokens24characters[9-9] redactedQ1tokens4characters[10-10]  emojiQsmilingFaceWithOpenMouthAndColdSweat  emojiQvictoryHand  emojiQseeNoEvilMonkey  emojiQokHandSign[11-14] 


139.	msg	 Hmm und het er zrugg gschribe?[1-3] redactedQ2tokens12characters[4-4] redactedQ8tokens35characters[5-5] Ah okay[6-7] Jaa denn isch guet;)[8-12] 


140.	msg	 Het er gseit schribemer uf whats app? Odr wie? ^^[1-4] redactedQ21tokens102characters[5-5] Ah okay cool emojiQthumbsUpSign  emojiQthumbsUpSign  emojiQokHandSign[6-11] redactedQ2tokens7characters[12-12] 


141.	msg	 Wie isch s dezue cho dass ehr abmachet?[1-3] redactedQ6tokens32characters[4-4] redactedQ4tokens16characters[5-5] Ah okay uuund??? Was macheder??[6-12] 


142.	msg	 Haha zum zahle...[1-4] redactedQ5tokens21characters[5-5] Haha okay danke trotzdem ^^[6-10] redactedQ3tokens14characters[11-11]  emojiQfaceWithStuckOutTongueAndWinkingEye[12-12] 


143.	msg	 Haha ischer weder dehei?[1-3] redactedQ16tokens72characters[4-4] redactedQ1tokens4characters[5-5] Haha okay*^[6-9] redactedQ10tokens46characters[10-10] Chasch ja morn frage:)[11-15] 


144.	msg	 Jaa aber was meinsch met dra bliibe? :o[1-3] redactedQ4tokens19characters[4-4] redactedQ6tokens31characters[5-5] Hmm okay...[6-8] Ich wör de loan echt froge...[9-15] 


145.	msg	 Nee ich wör eeeecht gern mal skate emojiQfaceWithTearsOfJoy  emojiQfaceWithTearsOfJoy[1-3] redactedQ6tokens23characters[4-4] redactedQ5tokens26characters[5-5] Hmm okay[6-7] Naja ich chas ehm ja mal direkt sege[8-15] 


146.	msg	 Also:<br/>Chömmer morn vllt rede? Wennd ziit hesch?<br/><br/>Und sege tuni ehm:<br/>Log ich glaub scho dass du weisch dass mer vell a der liit<br/>Aber iwie cheggi halt ned wieso du so normal met mer redsch und denn so komisch schribsch<br/>Wenn du ke bock druff hesch de chasch mer das jetzt sege und denn isch das för mech okay[1-7] redactedQ6tokens25characters[8-8] redactedQ7tokens29characters[9-9] redactedQ4tokens17characters[10-10] Ich muess? Da chunt ned so guet öbere[11-19] 


147.	msg	 Si wells eif ned emojiQperseveringFace[1-4] redactedQ14tokens66characters[5-5] Hmm okay ich rede morn nomal met ehre::[6-15] 


148.	msg	 Okay chume au:)[1-4] Isch das okay?^^[5-9] redactedQ1tokens3characters[10-10] redactedQ1tokens4characters[11-11] Grad[12-12] 


149.	msg	 redactedQ9tokens42characters[1-1] Tja danke auch egal isch okay[2-7] Gane jetzt mal go penne mage echt nömm[8-15] 


150.	msg	 wivil spöter? ...will vor em 1 schaffi nöd[1-5] Isch okay. Han voll noni hunger[6-12] 


151.	msg	 Bin am 10 vor ade hardbrugg[1-6] okay[7-7] ich gang eze am hb ufs träämli[8-14] 


152.	msg	 Aber ich weiss nöd ob mini best of au euer etspricht z.b gletscherwanderig[1-1] Aber ich mach mal[2-5] Hahaha okay nei[6-8] Ich tuen denn d selektion selektioniere[9-14] 


153.	msg	 Eis bier? ...also ich nim es gascho mit und Sitz uf der strass[1-5] Hahaha okay[6-7] wie ischs gange hüt?[8-12] 


154.	msg	 Duesch du mit VJ skype?[1-4] redactedQ1tokens2characters[5-5] redactedQ3tokens13characters[6-6] okay[7-7] redactedQ4tokens21characters[8-8] I ha im mau spontan gseit daser z dritte thema söu bearbeite, isch ds okfür di?[9-26] 


155.	msg	 Bish ez wieder ga shlafe statt zu mir?[1-2] redactedQ5tokens19characters[3-3] redactedQ1tokens5characters[4-4] redactedQ5tokens25characters[5-5] Ach okay[6-7] Demfall chilleds na :D[8-11] Putzih emojiQheavyBlackHeart[12-13] 


156.	msg	 redactedQ3tokens18characters[1-1] Moi aussi[2-3] Mega feshdiputz[4-5] redactedQ3tokens20characters[6-6] okay han e neui tastatur....[7-12] 


157.	msg	 Z romanshorn[1-1] redactedQ2tokens7characters[2-2] redactedQ7tokens37characters[3-3] Erfolg[4-4] Abr ish okay[5-7] Git denn mal e gueti gschicht zum verzelle :)[8-16] 


158.	msg	 redactedQ3tokens17characters[1-1] xD[2-2] redactedQ1tokens2characters[3-3]  emojiQfaceThrowingAKiss  emojiQheavyBlackHeart[4-5] redactedQ9tokens48characters[6-6] okay[7-7] redactedQ3tokens15characters[8-8]  emojiQfaceThrowingAKiss[9-9] pfuus guet![10-12] 


159.	msg	 ich dich au muus[1-4] redactedQ4tokens22characters[5-5] hahahaha[6-6] okay xD[7-8] redactedQ2tokens12characters[9-9] redactedQ7tokens29characters[10-10] redactedQ7tokens41characters[11-11]  emojiQgrinningFaceWithSmilingEyes  emojiQgrinningFaceWithSmilingEyes  emojiQgrinningFaceWithSmilingEyes[12-14] 


160.	msg	 wieso?[1-1] redactedQ1tokens4characters[2-2] ???[3-3] redactedQ4tokens17characters[4-4] redactedQ1tokens2characters[5-5] redactedQ6tokens26characters[6-6] okay[7-7] redactedQ6tokens31characters[8-8] jo chund nid drufah. was chaufsch de?[9-17] 


161.	msg	 s st. margrethe?[1-4] redactedQ1tokens3characters[5-5] redactedQ7tokens38characters[6-6] okay emojiQsmilingFaceWithSmilingEyes[7-8] redactedQ5tokens19characters[9-9] jop[10-10] redactedQ4tokens17characters[11-11] pub, wie du befohle hesch.[12-18] 


162.	msg	 redactedQ2tokens10characters[1-1] jo?[2-3] redactedQ2tokens7characters[4-4] ??[5-5] redactedQ2tokens10characters[6-6] okay[7-7] redactedQ5tokens19characters[8-8] redactedQ7tokens28characters[9-9] jo hed jo au niemer gschriebe xD[10-16] 


163.	msg	 sind bim fürabebier gsi uf de nidair terrasse... etzt no is pub. du? han frei morn emojiQsmilingFaceWithSmilingEyes[1-2] redactedQ1tokens5characters[3-3] redactedQ3tokens12characters[4-4] redactedQ3tokens12characters[5-5] redactedQ2tokens8characters[6-6] okay[7-7] redactedQ4tokens17characters[8-8] redactedQ1tokens1characters[9-9] weissi nonig[10-11] redactedQ6tokens23characters[12-12] 


164.	msg	 Langeds no fürne ziggi?[1-3] redactedQ2tokens10characters[4-4] redactedQ6tokens27characters[5-5] Haha okay[6-7] Fertig  emojiQsmilingFaceWithSmilingEyes[8-9] redactedQ3tokens8characters[10-10] Chum nüm druus...[11-14] 


165.	msg	 Es regt mich so uuf! Am fritig abig hesch mi links la ligge, gester abig isch der dini blöd TV Serie wichtiger gsi als ich, aber uusgrechnet hüt hätt mer ja no chli im Bett chönne kuschele... S isch ja keis wunder dass dier bis jetzt jede devo gloffe isch!!![1-1] redactedQ4tokens19characters[2-2] redactedQ6tokens25characters[3-3] Nüd isch meh okay...[4-8] redactedQ8tokens45characters[9-9] Es regt mich nurno uuf[10-14] 


166.	msg	 Dini kollegin hed üs wieder abgewürgt imfal[1-2] redactedQ1tokens6characters[3-3] redactedQ5tokens21characters[4-4] redactedQ6tokens29characters[5-5] Haha okay...[6-8] redactedQ1tokens9characters[9-9] redactedQ1tokens2characters[10-10] redactedQ5tokens23characters[11-11] Das hani dänkt xD[12-15] 


167.	msg	 Hesch WLAN det?[1-1] redactedQ4tokens18characters[2-2] redactedQ3tokens11characters[3-3] redactedQ4tokens22characters[4-4] redactedQ3tokens11characters[5-5] Haha okay[6-7] Loveu[8-8] redactedQ19tokens98characters[9-9] redactedQ4tokens20characters[10-10] redactedQ2tokens20characters[11-11] redactedQ2tokens20characters[12-12] 


168.	msg	 Aber dänke dass es ume mittag fürabe gid[1-3] redactedQ1tokens4characters[4-4] ?[5-5] Was okay[6-7] redactedQ3tokens10characters[8-8] Aber chunnsch gliich oder?[9-13] 


169.	msg	 Chunnsch nid?[1-3] redactedQ5tokens20characters[4-4] redactedQ3tokens12characters[5-5] Ah okay[6-7] redactedQ4tokens20characters[8-8] Jo das stimmt au wieder[9-13] 


170.	msg	 Jo das stimmt au wieder[1-2] redactedQ11tokens53characters[3-3] redactedQ3tokens15characters[4-4] redactedQ3tokens16characters[5-5] Ah okay[6-7] redactedQ3tokens16characters[8-8] Jo die wird flach ligge[9-13] 


171.	msg	 Hesch träumt?[1-3] Muus ???[4-5] Alles okay?[6-8] redactedQ2tokens11characters[9-9] Wäg dim sms am morge am viertelab 3[10-17] 


172.	msg	 Schatz schaffet nid de Maettu z Malans?[1-4] redactedQ2tokens13characters[5-5] Ah okay  emojiQwhiteSmilingFace[6-8] Schatz hesch scho mittag?  emojiQfaceWithStuckOutTongueAndTightlyClosedEyes[9-14] 


173.	msg	 Bisch hüt online?[1-4] redactedQ5tokens21characters[5-5] Ah okay  emojiQwhiteSmilingFace[6-8] Ich ha eh es uhuere update vor mier[9-16] 


174.	msg	 Wie isch dis memory ahcho?[1-3] redactedQ5tokens20characters[4-4] redactedQ5tokens25characters[5-5] Haha okay[6-7] redactedQ5tokens21characters[8-8] redactedQ5tokens25characters[9-9] Super  emojiQsmilingFaceWithOpenMouth[10-11] redactedQ1tokens3characters[12-12] 


175.	msg	 Aber wie gseid ich würd mich freue wenn debii wärsch.[1-2] redactedQ8tokens36characters[3-3] redactedQ6tokens36characters[4-4] redactedQ5tokens25characters[5-5] Ah okay[6-7] Merci  emojiQfaceThrowingAKiss[8-9] redactedQ1tokens5characters[10-10] redactedQ9tokens44characters[11-11] redactedQ13tokens70characters[12-12] 


176.	msg	 redactedQ11tokens58characters[1-1] redactedQ1tokens3characters[2-2] redactedQ7tokens29characters[3-3] redactedQ1tokens2characters[4-4] redactedQ16tokens75characters[5-5] Haha okay  emojiQfaceThrowingAKiss[6-8] Bisch etzt no on?[9-13] 


177.	msg	 hesh gseh was ich dich obe gfrögt han[1-1] Aart muss wetter luege[2-5] Alright[6-6] okay[7-7] Weiss ned lmao also d frag ish[8-14] 


178.	msg	 ah oke[1-1] denn mach spöter :))[2-5] Alright[6-6] okay[7-7] Alright[8-8] okay[9-9] Hey mel[10-11] mediaQremoved[12-12] 


179.	msg	 denn mach spöter :))[1-3] Alright[4-4] okay[5-5] Alright[6-6] okay[7-7] Hey mel[8-9] mediaQremoved[10-10] Das wer voll herzig für euses scrapbook[11-17] 


180.	msg	 Aber jetz gsehni es hetti en url[1-5] Alrighty[6-6] okay[7-7] Maybe[8-8] An intense 2 hour friendship[9-13] 


181.	msg	 sowie letsht mal?[1-2] Wi letsh mal hoe[3-6] okay hoe[7-8] Time to go[9-11] Come out guel[12-14] 


182.	msg	 Ich bruch eifach 15 min zum bahnhof gell[1-6] okay susht wetsh det bi de bruck[7-13] 


183.	msg	 Benenn sie so auf whatsapp[1-4] no[5-5] Si[6-6] okay[7-7] .[8-8] Ha ha sehr witzig[9-12] 


184.	msg	 Hey hey hey[1-1] I know u want it[2-6] okay meme[7-8] but what r u gonna wear[9-14] 


185.	msg	 i couldnt be homophobic[1-4] Alright  emojiQthumbsUpSign[5-6] okay[7-7] In what grade did u think u were gay[8-16] 


186.	msg	 I copy pasted myself into her[1-5] oh okay[6-7] Im thirstinnnnn[8-9] For zayn[10-11] All day[12-13] 


187.	msg	 söll ichs dier jez sege?[1-1] oder am fritig[2-4] Seg jetz[5-6] okay :D[7-8] s gsuech ish bewilligt worde :D[9-14] 


188.	msg	 aber für das mus ich wüsse wennd id shwiiz chunnsh  emojiQfaceWithTearsOfJoy  emojiQfaceWithTearsOfJoy[1-4] redactedQ1tokens3characters[5-5] redactedQ4tokens15characters[6-6] okay[7-7] redactedQ1tokens3characters[8-8]  emojiQfaceSavouringDeliciousFood[9-9] tun mal mit dinere mueter talke[10-15] 


189.	msg	 redactedQ5tokens21characters[1-1] bis am 15.[2-4] ?[5-5] redactedQ1tokens2characters[6-6] okay[7-7] ned am morge früeh oder[8-12] 


190.	msg	 chashes ja grad in chat shriibe[1-5] redactedQ1tokens2characters[6-6] okay[7-7] redactedQ3tokens12characters[8-8] redactedQ2tokens7characters[9-9] kp<br/>tun sie unter a abspeichere und denn ligah ihres profilbild ahh[10-21] 


191.	msg	 und du?[1-2] redactedQ1tokens8characters[3-3] redactedQ2tokens7characters[4-4] hahahahah[5-5] redactedQ2tokens11characters[6-6] okay no paar lemon loots[7-11] redactedQ1tokens11characters[12-12] 


192.	msg	 Ned ganz, casino isch den no ;)[1-5] Hehe okidoki.[6-8] Han no kein lohn zum verzocke  emojiQfaceWithStuckOutTongueAndTightlyClosedEyes[9-15] 


193.	msg	 When I ask for a Coke and the server asks, "Is Pepsi okay?" http://9gag.com/gag/aZPRjpp?ref=android.s.wt[1-10]  emojiQfaceWithTearsOfJoy  emojiQfaceWithTearsOfJoy  emojiQfaceWithTearsOfJoy[11-13] 


194.	msg	 Treffed ois am achti i de stadt. Chönd ja so am sibni ässe, okay?[1-8] Ich weiss nöd öb ichs uf di 7ni hei schaffe  emojiQconfusedFace[9-19] 


195.	msg	 Aber es regnet ebe  emojiQumbrellaWithRainDrops[1-2] Drum machemer shoppi[3-5] Ah okay  emojiQsmilingFaceWithOpenMouthAndSmilingEyes[6-8] Demfall vill spass  emojiQheavyBlackHeart[9-12] 


196.	msg	 Kei ahnig[1-2] Nei[3-3] mediaQremoved[4-4] mediaQremoved[5-5] aaah okay  emojiQwhiteSmilingFace[6-8] hey cleo wänn chunnsch du hütt?  emojiQwhiteSmilingFace  emojiQfaceThrowingAKiss[9-17] 


197.	msg	 Oh voll cool  emojiQwhiteSmilingFace<br/>Mi händ agnehms wätter, immer so um die 20grad und sunne. Scho chli windig aber okay  emojiQsmilingFaceWithOpenMouthAndSmilingEyes<br/>Bis morn simmer no im yosemite. S huus da isch leider voll nöd so cool und mi freued eus wider zrugg uf sf zgah  emojiQwinkingFace[1-34] 


198.	msg	 Wie geht es mit Müdigkeit?[1-5] Eigentlich okay. Kann noch nicht wirklich durchschlafen - bin gestern eine stunde und heute eine halbe früher aufgestanden  emojiQsmilingFaceWithOpenMouthAndSmilingEyes[6-25] 


199.	msg	 Bin ufm weg zum de dvd chaufe[1-5] ah okay. Bis nachher  emojiQwhiteSmilingFace  emojiQblackSunWithRays  emojiQfaceThrowingAKiss[6-13] 


200.	msg	 De vipin gaht jetzt doch nöd uf fribourg, das heisst ich chan morn abig doch zum yannick[1-5]  emojiQthumbsUpSign  okay[6-7] Ussert du wetsch gern gah[8-12] 


201.	msg	 ah cool:)<br/>Was möchtsch ässe? Mi hetted no pasta, tomatesauce und en gruyère, für mich wärs eigentlich okay wenn mer eifach pasta mached. Oder hesch uf öppis anders luscht?  emojiQsmilingFaceWithHalo[1-21] 


202.	msg	 Drum weissi nöd wiener zum nachname heisst emojiQwhiteSmilingFace[1-5] Ah okay  emojiQsmilingFaceWithOpenMouthAndSmilingEyes[6-8] Hoii[9-9] Chunnsch du direkt ad fasnachtssitzig im gz?[10-17] 


203.	msg	 Hey es isch erscht mega spaht en zug cho, drum bini erscht i 8min in oerlike[1-6] okay, ich bi ezt denn grad det  emojiQwhiteSmilingFace[7-15] 


204.	msg	 Ja nur s 31 het mich verwirrt ^^[1-4] 30 ish okidoki[5-7] ;-)[8-8] redactedQ1tokens2characters[9-9] Hani eh nix z esse wenn mini familie weg ish ;-)[10-20] 


205.	msg	 redactedQ13tokens69characters[1-1] redactedQ2tokens8characters[2-2] Okelidokeli ;-)[3-4] ^^[5-5] Ja okay es het bizli was[6-11] Abers sind natürli nur di einzelne idrück, ich mösst s buech mal ganz lese :-F[12-29] 


206.	msg	 ^^[1-1] Ich find de protein shake okay[2-7] Aber so es ganzes glas devo ish sho recht vill[8-17] 


207.	msg	 Wi lang gaht de spass? :-)[1-4] redactedQ5tokens12characters[5-5] Klingt okay :-D[6-8] redactedQ1tokens6characters[9-9] redactedQ5tokens34characters[10-10] Derfsh aber warshindli ned vorher abgeh ;-)[11-17] 


208.	msg	 Mhhh[1-1] So mässig, abers ish okidoki :-P[2-8] redactedQ1tokens2characters[9-9] redactedQ6tokens32characters[10-10] redactedQ1tokens2characters[11-11] redactedQ4tokens16characters[12-12] 


209.	msg	 Ja mir sind echt dolle erwachse[1-1] ;-)[2-2] redactedQ1tokens2characters[3-3] redactedQ5tokens32characters[4-4] :-) au okay[5-7] Au de betti sho oder nanig?[8-14] 


210.	msg	 ^^ mit wem hets hässlichi gspröch geh?[1-4] redactedQ7tokens36characters[5-5] Ja okay het de casper gross gfrögt? ^^[6-14] 


211.	msg	 Ah nur wills überall susht staht ^^[1-4] redactedQ13tokens92characters[5-5] Ah okay ^^[6-8] redactedQ11tokens56characters[9-9] Okay ^^[10-11] Okay okay ^^[12-14] 


212.	msg	 Ah okay ^^[1-2] redactedQ11tokens56characters[3-3] Okay ^^[4-5] Okay okay ^^[6-8] Tönt ja grundsätzlich in sich no sinnig[9-15] 


213.	msg	 Ei üebig, also ein durchgang? ^^[1-4] redactedQ5tokens25characters[5-5] Ah okidoki ^^[6-8] Xammt hani denn mini 2gks und no ca 2-3 iso üebige oder?[9-24] 


214.	msg	 Also ich han mp ersetzt dur 30 min cross trainer mit immer 5 minute tüferi stufe, 5 min höchi stufe zuesätzlich zude 30 no 5 minute mit immer 1 minute sprint höchi stufe und 1 minute tüferi stufe laufe ^^ tönt das okay?[1-8] redactedQ4tokens15characters[9-9] redactedQ3tokens24characters[10-10] Denkes au ^^[11-13] 


215.	msg	 Weiss zwar ned wi shlau dass das ish[1-5] Aber okay ^^[6-8] Uf all fäll gangi morn so uf di 2 verbii :-)[9-19] 


216.	msg	 D lüt sind so gar ned mis xi, 2 fraue und ein typ sind no okay xi[1-8] Aber au eifach okay ^^[9-13] 


217.	msg	 D lüt sind so gar ned mis xi, 2 fraue und ein typ sind no okay xi[1-3] Aber au eifach okay ^^[4-8] Zwüshetdrin ish no lushtig xi[9-13] 


218.	msg	 Allerdings xehnich immer nur männerwert im internet, für e frau ish 20% okay ;-)[1-8] redactedQ6tokens30characters[9-9] :-D[10-10] Das ish lieb ^^[11-14] 


219.	msg	 Und ohni kh hesh z wenig energie fürs training[1-3] redactedQ4tokens17characters[4-4] redactedQ6tokens37characters[5-5] Ja okay ^^[6-8] redactedQ10tokens42characters[9-9] redactedQ7tokens29characters[10-10] Ich denkes au, ja :-D[11-16] 


220.	msg	 Sowohl nach kondi als au nach chraft?[1-2] redactedQ2tokens11characters[3-3] redactedQ4tokens23characters[4-4] redactedQ5tokens32characters[5-5] :-D okay[6-7] ^^ denn hanich dich etzt gnueg beläshtigt[8-14] 


221.	msg	 Aber ich han si zu 90% ^^ kei ahnig öb das en guete prozentsatz ish, aber es ish okay ;-)[1-8] Und: 2 bayern fans ^^[9-14] 


222.	msg	 Chips = foe[1-1] :-P[2-2] Dunkli shoggi - ganz okay[3-7] Tofu - ok aber viiiiil fett[8-13] 


223.	msg	 Ish jewils mo mi fr abig, mer mun sich am gliche tag abem morge am 9i online iträge, s git immer ei lektion vo 19-20 und eine vo 20:10 bis 21:10[1-3] redactedQ7tokens30characters[4-4] redactedQ5tokens30characters[5-5] ^^ okay[6-7] Han shiss det elei z gah, ich gang sicher druff :-P[8-19] 


224.	msg	 redactedQ8tokens50characters[1-1] redactedQ13tokens64characters[2-2] redactedQ24tokens135characters[3-3] redactedQ3tokens21characters[4-4] redactedQ1tokens1characters[5-5] ^^ okidoki[6-7] redactedQ12tokens67characters[8-8] redactedQ10tokens55characters[9-9]  emojiQfaceScreamingInFear[10-10] :-P[11-11] redactedQ1tokens12characters[12-12] 


225.	msg	 Nei etzt mal ehrlich:[1-2] Ich bin shlank, okay, aber ned so dünn wi das ganze tönt oder?[3-18] 


226.	msg	 Ich find di ersht vode andere beide recht wüesht[1-3] Di ander ish okay ;-)[4-8] redactedQ12tokens58characters[9-9] True[10-10] ;-)[11-11] redactedQ6tokens30characters[12-12] 


227.	msg	 Doch vllt ishs voll assymetrish ^^[1-3] Also ish au okay ;-)[4-8] Aber ned  ganz völlig assymetrish wer besser[9-15] 


228.	msg	 Trizeps mit hantle hinderem chopf ufelupfe: okay no ein ganz tüfe[1-11] Ok shit ich bring si nüm ufe  emojiQfaceWithTearsOfJoy[12-19] 


229.	msg	 Aber nanig so: damn abgno ^^[1-3] redactedQ2tokens20characters[4-4] Sondern nur okay ;-) und nur chli pft[5-12] 


230.	msg	 Was ishs motto xi?[1-4] redactedQ13tokens77characters[5-5] Mhhh okay ja[6-8] Das git natürli ned soes einheitlichs motto[9-15] 


231.	msg	 Ohni internetverbindig lauft gar nix[1-3] Jaaa s ish okay ^^ s gäbt au besseri, vorallem wills das mit sport und so ufwägt[4-21] 


232.	msg	 Soja milch ish ned shlecht[1-2] Chli gwöhnigsbedürftig aber ganz okay ^^[3-8] redactedQ6tokens27characters[9-9] redactedQ9tokens46characters[10-10] Ich finds guet wills soja ish[11-16] 


233.	msg	 Ja aber für 3 wuche iifüerig denki ishes ganz okay[1-7] redactedQ14tokens83characters[8-8] Sit ups hetter au derfe mache ^^[9-15] 


234.	msg	 redactedQ5tokens22characters[1-1] Noin mal pause ish sho okay[2-7] redactedQ8tokens49characters[8-8] :-D[9-9] Ich han ned wele id vorlesig, han darums züg agfange dihei lese, hans glese, bin immerno rechtziitig dra xi fürd vorlesig ^^[10-34] 


235.	msg	 Bösi ikea regal[1-1] :-P[2-2] Tönt doch au ganz okay ^^ ich han grad perfekti aubergine im bachofe gmacht[3-16] 


236.	msg	 Ja ich glaubes[1-3] ^^ bin glab okay dra, ish aber recht shwirig izshätze[4-14] 


237.	msg	 Das sind NNN lüt wui[1-4] redactedQ9tokens42characters[5-5] Jaaa okay mittagsziit ^^[6-9] redactedQ7tokens30characters[10-10] Und vllt ish grad e prüefig verbi xi oder so[11-20] 


238.	msg	 Mh bish evt chli überlashtet?[1-2] redactedQ12tokens66characters[3-3] redactedQ8tokens45characters[4-4] redactedQ5tokens20characters[5-5] Aah okay[6-7] Ich han gmeint s seg shlimmer[8-13] 


239.	msg	 50g protein, 22g KH, 20g Fett[1-5] Gaht okay[6-7] redactedQ37tokens186characters[8-8] Vil glück! :-D seishmer denn wis gloffe ish ;-)[9-18] 


240.	msg	 Shmerze?[1-2] redactedQ1tokens2characters[3-3] redactedQ10tokens59characters[4-4] redactedQ4tokens23characters[5-5] Ja okay ^^[6-8] Ehm[9-9] Reha prime?[10-12] 


241.	msg	 Tod durch tasche[1-2] redactedQ6tokens31characters[3-3] Wasser wer au okay ;-)[4-8] Cheeseburger tönt au guet :-P[9-13] 


242.	msg	 Tofu ish ebe gar ned so geil in sache protein[1-1] Und bohne sind au eher okay... Aber ned überragend[2-11] redactedQ5tokens33characters[12-12] 


243.	msg	 Also im april oder mai ^^[1-5] Joa okay ^^ denn phatish au d bikini figur[6-14] 


244.	msg	 Ben jetzt im Marketing und j es esch okay.. hahah[1-9] Hahahah nei ned wörkli mit de elisama wo emmer s gfühl het sie segs so..?! XD[10-27] 


245.	msg	 Ich bin zuhause, aber erst gegen 19.15, ist das okay? emojiQsmilingFaceWithSmilingEyes[1-9] Super. Mami kommst du auch dann? Dann koche ich auf 19.15 emojiQwhiteSmilingFace[10-23] 


246.	msg	 ^^ du weish was ich devo halte :-P[1-5] Aber okay es ish herzig[6-10] redactedQ2tokens8characters[11-11] redactedQ2tokens22characters[12-12] 


247.	msg	 Also dunschtig isch au für d siby okay..mer chönd ja no luege weg em film..[1-17] 


248.	msg	 Ich chum am donschtig ah.. Aber ich han no 2 prüefige ide woche druf, drom wirdi wahrschindli meh am lerne sii als ufde piste..[1-5] Ak okay, ich chumme uf de dunschtig abig, fahrsch dänn au mit em zug?[6-22] 


249.	msg	 Heei!! Ich mues am samschtig für eini iispringe ide spotschicht!! Das heisst ich chan ned cho, falses jetz doch no tickets gäh hetti!![1-4] Ja isch okay. Anderi frag, gasch du das jahr as st. Galle?[5-19] 


250.	msg	 Nope, bin underwegs zum optiker!;)[1-3] Pourquoi?[4-5] Ah okay, bi ja hütt in bern und ha überleit, dass du ev. Am abig au nach würelos zruggfahrsch..[6-27] 


251.	msg	 Also, ha nume churz kafipause! Han mit de cristiana abgmacht zum öppis mache aber esch no nüt plant oder so..vermuetli nix speziells..[1-2] Et toi?[3-5] Ah okay, ja ich gang nit de isi zu de pilar uf züri, sie macht e homeparty..[6-25] 


252.	msg	 Weisi grad ned uswendig.. Muen deheim nocheluege, bin drum am schaffe[1-5] Ah okay, dänn chasch mer ja am abig no schriebe[6-16] 


253.	msg	 Hey! Ich chume uf di 10ab2![1-6] okay s6?[7-9] Jup! Chonnsch auvo würelos?[10-15] 


254.	msg	 Nei, du döfsch si entsorge! emojiQgrinningFaceWithSmilingEyes[1-6] okay[7-7] mediaQremoved[8-8] Grad ide migros gse![9-13] 


255.	msg	 Aso luut internet bruchemer i 90% vode huushält keine..[1-1] Frog mol no d nati[2-6] okay[7-7] Nimmsch du etz de lapi mit?[8-14] 


256.	msg	 Hey, han z züri abgmacht mit lüt vode uni![1-5] Ah okay, aber nöd zums wm-spiel luege, oder?[6-16] 


257.	msg	 Io franz und informatik hani etz scho abgschlosse[1-5] aha okay :)[6-8] jo da wird scho guet usecho wennd jo mol i de bms gsi bisch.. ;)[9-24] 


258.	msg	 I ha bald kei akku meh  emojiQwearyFace<br/>Also weni nüme schrib ischs weg dem :/[1-5] haha okay :) .. kaa i ess zvill hahah :D[6-15] 


259.	msg	 Hahaha iooo aber den chunt iwie en andere name. De hani scho gänderet  emojiQsmilingFaceWithOpenMouthAndSmilingEyes[1-5] aha okay :D[6-8] was bisch du eigentlich vo de religion her? ;)[9-18] 


260.	msg	 Morn hanis 3 täg den chanis wechsle :p[1-5] haha okay  emojiQsmilingFaceWithSmilingEyes[6-8] Wa machsch so?[9-12] 


261.	msg	 Nachtaktiv  emojiQrelievedFace  emojiQwinkingFace  aber verrots niemertem haha[1-5] haha okay i bin ganz still :p[6-12] 


262.	msg	 Nee erst durs openair den haha[1-2] luig?[3-4] aha haha okay :p[5-8] I ha di immer mitem chlöisu umeschliche gseh haha[9-17] 


263.	msg	 Aaah :)<br/>Neei mir kennet üs underenand meistens ned wellmer nie was zeme ztue hend  emojiQgrinningFaceWithSmilingEyes[1-5] ah okay  emojiQsmilingFaceWithOpenMouth[6-8] I schlof mol  emojiQgrinningFaceWithSmilingEyes  emojiQseeNoEvilMonkey[9-13] 


264.	msg	 Haha weni schuel ha stohni au früehner uuf  emojiQwinkingFace  emojiQsmilingFaceWithOpenMouthAndSmilingEyes[1-1] Neei am 8i :)[2-5] aha okay :D bis wen? :)[6-12] 


265.	msg	 Nei nonig ganz  emojiQgrinningFaceWithSmilingEyes<br/>Aber mach nüme viel  emojiQsmilingFaceWithOpenMouthAndSmilingEyes[1-5] haha okay  emojiQsmilingFaceWithOpenMouthAndSmilingEyes[6-8] Du bisch no ide badi?[9-14] 


266.	msg	 Haha neei er isch selte bi sg nd so am kontrolliere :)[1-6] okay :D[7-8] Und stosszite eh ned  emojiQsmilingFaceWithOpenMouthAndSmilingEyes[9-13] 


267.	msg	 hahaha brüedere au oder was?  emojiQfaceWithTearsOfJoy[1-5] ah okay[6-7] Haha neei bro ned aber sus nomeh verwandti[8-15] 


268.	msg	 Hesch du eich gschwüsterti? :)[1-5] hahaha okay :D[6-8] jo zwei älteri brüedere 21 und 24 :)[9-16] 


269.	msg	 Han nur eine wo 16 isch[1-4] ._.[5-5] ah okay :) wer isch denn da ander uf dim bild? :)[6-18] 


270.	msg	 wieso weisch du dasi gwechslet han? hani da erwähnt am samstig? :D[1-1] Hahaha io hesch :D[2-5] hm okay nomel e puzzle teili  emojiQfaceWithTearsOfJoy[6-12] 


271.	msg	 Aber han 10 min bisi z wil am bhf bi[1-5] ah okay :)[6-8] Am zistig wieder dütschland  emojiQsmilingCatFaceWithHeartShapedEyes  emojiQregionalIndicatorSymbolLettersDe[9-14] 


272.	msg	 Haha bi wil stoht da gar naned[1-6] okay :)[7-8] hahaha :D[9-10] Haha egal mir chunts eh ned so drufaah wa luege[11-20] 


273.	msg	 Nei carsten eich ned aber zude kollegin or sowas :)[1-5] aha okay :)[6-8] i han de ganz tag de schiller aglueget und wenner zruckglueget het hani ihn aglachet.. am schluss vom tag frogter so, wa denn eigentlich seg.[9-36] 


274.	msg	 Und da mitm emanuele zehlt eh ned  emojiQsmilingFaceWithOpenMouthAndSmilingEyes  i kennen gar ned und hanen zweimol gseh i dere beziehig. Come on da zehlt echt ned  emojiQsmilingFaceWithOpenMouthAndSmilingEyes<br/>Den wehri wieder bi 0[1-5] hahaha okay i glaub dir jo :D[6-12] 


275.	msg	 Hahaha io bi mir ischs au nur 1 richtigi xi  emojiQsmilingFaceWithOpenMouthAndSmilingEyes[1-5] hahaha okay :)[6-8] Du bisch mal mit sonere blonde vom [LastName] zeme xi oder?[9-20] 


276.	msg	 Es isch io iwie kei richtigi beziehig xi  emojiQsmilingFaceWithOpenMouthAndSmilingEyes<br/>Wenns passt scho :) und wens e richtigi beziehig wehr den sicher  emojiQsmilingFaceWithSmilingEyes[1-5] hm okay  emojiQwhiteSmilingFace  emojiQwhiteSmilingFace[6-9] Du?[10-11] i han scho länger nix meh gha, i het sehr gern e beziehig aber nur e richtigi  emojiQwinkingFace[12-30] 


277.	msg	 D sagibeiz isch am 10. Mai usbuecht[1-5] Hahahah okay  emojiQwinkingFace  mach bitte avocado creme :d[6-13] 


278.	msg	 Ich duen dich underhalte :) so wie bim kuchi machä, okay?[1-8] Ja genau ich tue ez e wuche vor der geburt no gartearbet mache[9-21] 


279.	msg	 So süss  emojiQsmilingCatFaceWithHeartShapedEyes[1-1] Chume more nachem schaffe nuchmal okay :)?[2-9] Sicher[10-10]  emojiQsmilingFaceWithSmilingEyes[11-11] Blibsch nuchmal eh nacht oder :)?[12-18] 


280.	msg	 Ich gah hüt nachem schaffä gu bachä aber chume de derna gad in spital :) okay?[1-8]  emojiQheavyBlackHeart  emojiQheavyBlackHeart  emojiQheavyBlackHeart danke[9-12] 


281.	msg	 Ja nonig ez. Mini naht tut no voll weh[1-5] Oh okay sed nöd meh  emojiQfaceWithMedicalMask[6-11]  emojiQsmilingFaceWithOpenMouthAndSmilingEyes  emojiQsmilingFaceWithOpenMouthAndSmilingEyes[12-13] 


282.	msg	 Wen ich gewinna dan hohl ich mir den koffer 2mol okay?[1-8] redactedQ2tokens10characters[9-9] redactedQ1tokens1characters[10-10] Den habe ich NNN punkte<br/>Und 2koffer = NNN punkte[11-21] 


283.	msg	 Wen ja denn säg ira a gruass[1-1]  emojiQfaceThrowingAKiss  emojiQwhiteSmilingFace[2-3] redactedQ2tokens13characters[4-4] redactedQ4tokens14characters[5-5] Au okay[6-7] Diar wünsh ich no an guata  emojiQseeNoEvilMonkey  emojiQeyes  emojiQokHandSign[8-16] 


284.	msg	 redactedQ2tokens15characters[1-1] Danka glichfalls ^^[2-4] redactedQ4tokens22characters[5-5] Arm okay[6-7] Mercii[8-8] redactedQ1tokens2characters[9-9] Etwas schmerzen abr geht... Guat nacht & bis morn  emojiQfaceThrowingAKiss  emojiQheavyBlackHeart[10-21] 


285.	msg	 Wenn es noch tickets gibt chan loan mitkommen, im gegenzug holt mich gotta am mittwoch etwa um 17:30 ab und wir gehen dan alleine noch mals ins kino, okay?<br/>Jetzt schauen wir ob es noch ein ticket für loan hat... Abr ich würde sehr gerne am mittwoch aleine mit meiner gotta ins kino gehen[1-34] 


286.	msg	 Wiso sins in sargans gsie?[1-3] redactedQ6tokens33characters[4-4] redactedQ6tokens38characters[5-5] Ah okay[6-7] mediaQremoved[8-8] I han für dä papa z'mittag gmacht  emojiQwhiteSmilingFace  emojiQseeNoEvilMonkey[9-18] 


287.	msg	 Schön hend ihrs döt ^^[1-4] redactedQ11tokens63characters[5-5] Haha okay :)[6-8] redactedQ6tokens37characters[9-9] Okay[10-10] I gon wider go lerna bb[11-16] 


288.	msg	 Kann ich dein handy benutzen? Ich will im Paradies anrufen. Ich will Gott danken, dass er mir so ein/e tolle/n Freund/in wie dich geschickt hat. Schicke das an 12 Freunden und natürlich auch an mich...denn heute ist "I-love-you-friend-day". In 60 Minuten wird dich etwas sehr glücklich machen. Aber du musst es an 12 Freunden schicken, die du lieb hast... emojiQheavyBlackHeart<br/>Du zuerst..<br/>Schick das an alle deine Kontakte und lasse dich überraschen, welche Zahlen du zurück bekommst..<br/><br/>1 -Ich liebe dich. <3<br/><br/>2 -Ich mag dich. :)<br/><br/>3 -du bist ein/e gute/r Kollege/in.<br/><br/>4 -Ich Hasse Dich.<br/><br/>5 -Lass Freunde bleiben, aber wir müssen später heiraten. ;D :**<br/><br/>6 -Wilst du mit mir gehen? *_*<br/><br/>7 -Du bist einfach zu geil. :D<br/><br/>8 -Kein Kontakt. ._.<br/><br/>9 -Beste Freunde. :*<br/><br/>10 -Ich bin i.wie in dich verliebt! :* :o<br/><br/>11 -Will dich nie verlieren.!!<br/><br/>12 -Bist mir sehr wichtig. :**<br/><br/>13 -Hab dich mega lieb. <3<br/><br/>14 -Lass uns ficken. *_*<br/><br/>15 -Will Nacktbild. <3<br/><br/>16. Cooler Typ.<br/><br/>17 -Geh mit mir duschen. O.o<br/><br/>18. -Bist okay.<br/><br/>Sorry.. Wenn du diese Nachricht aufgemacht hast, wird dich am Freitag dein Schatz küssen und morgen wird der beste Tag deines Lebens.<br/>Aber wenn du diese Nachricht nicht sofort an 12 Personen sendest,wirst du ab heute Mitternacht nur unglück haben bis du 60 Bist los.[1-59] 


289.	msg	 Ich kumm doch ins dorf ;)[1-4] redactedQ1tokens2characters[5-5] Alles okay??[6-8] redactedQ3tokens17characters[9-9] Ok[10-10] Sorry ... ich ha mich wie s letschte arachloch benoo[11-20] 


290.	msg	 redactedQ4tokens16characters[1-1] redactedQ2tokens7characters[2-2] Hahaha emojiQwhiteSmilingFace  emojiQwhiteSmilingFace[3-5] Haaha okay :D[6-8] redactedQ1tokens2characters[9-9] Wms? :)[10-12] 


291.	msg	 redactedQ1tokens2characters[1-1] Hemmer husi?[2-4] redactedQ8tokens37characters[5-5] Ahhaha okay emojiQfaceWithTearsOfJoy[6-8] redactedQ1tokens1characters[9-9] redactedQ5tokens26characters[10-10] Match nd party[11-13] 


292.	msg	 Weiss ned haha[1-2] Du?[3-4] redactedQ1tokens3characters[5-5] Hahhaha okay[6-7] redactedQ2tokens7characters[8-8] redactedQ2tokens9characters[9-9] redactedQ3tokens14characters[10-10] Hahaha ups sorry emojiQfaceWithTearsOfJoy[11-14] 


293.	msg	 Seit annegret hahah emojiQfaceWithTearsOfJoy[1-4] redactedQ14tokens54characters[5-5] Hahahaha okay[6-7] redactedQ1tokens2characters[8-8]  emojiQfaceWithTearsOfJoy  emojiQfaceWithStuckOutTongueAndWinkingEye[9-10] redactedQ1tokens2characters[11-11] :)[12-12] 


294.	msg	 Hahah verarscht sie hetts bemerkt nd gseit okay emojiQfaceWithTearsOfJoy  emojiQfaceWithTearsOfJoy  emojiQfaceWithTearsOfJoy  emojiQfaceWithTearsOfJoy[1-11] Ok nee im ernst[12-15] 


295.	msg	 redactedQ1tokens2characters[1-1]  emojiQfaceWithTearsOfJoy  emojiQfaceWithTearsOfJoy  emojiQokHandSign[2-4] redactedQ3tokens19characters[5-5] Hahahah okay[6-7] redactedQ13tokens59characters[8-8] Kei ahnig emojiQgrinningFaceWithSmilingEyes[9-11] Du nach amsterdam?[12-15] 


296.	msg	 Heshes no? :D[1-1] redactedQ2tokens5characters[2-2] Oki :)[3-4] redactedQ5tokens27characters[5-5] Hahahah okay[6-7] redactedQ5tokens19characters[8-8] Jiap :)[9-10] redactedQ1tokens2characters[11-11] :))[12-12] 


297.	msg	 Nd sag jz ehrloch emojiQfaceWithTearsOfJoy[1-3] redactedQ9tokens40characters[4-4] Hahaha hahahahha okay emojiQfaceWithTearsOfJoy  emojiQfaceWithTearsOfJoy[5-9] redactedQ1tokens3characters[10-10] redactedQ7tokens30characters[11-11] Ka hahah solang wie du willsh/maagsxh...^_^[12-21] 


298.	msg	 Wenn willsch goh? ")[1-3] redactedQ1tokens2characters[4-4] redactedQ3tokens12characters[5-5] Hahahah okidoki emojiQvictoryHand  emojiQwhiteSmilingFace[6-9] redactedQ3tokens21characters[10-10] Hahaha wuschiwuschi emojiQwhiteSmilingFace[11-13] 


299.	msg	 Schwösterli  es ish egal wirkli ich bi dir nit bös du hesh dich entschuldigt nd nit dumm ummegschnuurt wie anderi jede macht fehler  nd du hesh dich entschuldigt es ish egal du hesh au ned no nochträglich sache gseut wo mich ufgreggt hend es ish okay ich bi dir nümm bös  emojiQfaceThrowingAKiss  emojiQheavyBlackHeart[1-14] 


300.	msg	 Ah sooo[1-2] Jio ds ish ganz okay :)[3-8] redactedQ5tokens35characters[9-9] Oki emojiQvictoryHand  emojiQfaceWithTearsOfJoy  emojiQheavyBlackHeart  emojiQkissMark[10-14] 


301.	msg	 Wie gohsch ins spital emojiQheavyBlackHeart  emojiQseeNoEvilMonkey[1-5] redactedQ5tokens21characters[6-6] okidoki emojiQseeNoEvilMonkey  emojiQheavyBlackHeart  emojiQwhiteSmilingFace  emojiQsmilingCatFaceWithHeartShapedEyes  sag mir wies gange ish emojiQheavyBlackHeart[7-17] 


302.	msg	 henden leider nid gha.. han ihn jetzt bstellt uf morn=) see ya tomorrow![1-6] okay. denn gseht mer sich. bin meistens eh dunnä am abholdesk.[7-20] 


303.	msg	 ah odr wie du gschriebe häsch.. chasch gern am mäntigabig au bi üs verbii cho=)[1-6] okay. i lueg no am männtig. guets glingä bim fötälä[7-18] 


304.	msg	 i chumm di uf di 6i wieder go abholä, okay?[1-8] fix! bisch au mitm velo?[9-15] 


305.	msg	 chillig! mir gönd öppe innnere halbe stund los vo da.. teffed mir üs denn dete?[1-6] okay.[7-8] fix![9-10] sind i dä sansibar isch doch döt i dä nöchi?[11-21] 


306.	msg	 i muess am 2 afange. bring dirs gschnell verbi, okay? bin öppä am viertel vor 1 bi dir[1-16] 


307.	msg	 jeh nochdem weni no go poste gange...[1-3] poschti[4-4] bock?[5-6] okay merci.[7-9] ok[10-10] Jo jet i au lischt.[11-16] 


308.	msg	 okey!!! wünsch dir en guete tag! lieb di[1-5] Isch okay. S mami überwiest dir NNNN.-[6-13] 


309.	msg	 bisch sauer?[1-2] Nei. Isch doch okay.[3-8] sicher?[9-10] Jo...isch würklich okay.[11-16] 


310.	msg	 sicher?[1-2] Jo...isch würklich okay.[3-8] I han min friedä![9-13] 


311.	msg	 du bi mir isch tip top gange! jo du de berg hört nöd uf! wär supi wend chönntisch chochä![1-6] okay mach i. holl üs no was eifachs. bis bald.[7-19] 


312.	msg	 mach am 15.15 no zöpfli! machet mer im boullevard ab?[1-6] okay i wart dött.  emojiQfaceMassage[7-12] 


313.	msg	 i bstell für di! hihihi[1-4] überraschung!!![5-6] okay freu mich druf.[7-11] duuuuurrrrssssst![12-13] 


314.	msg	 ahh schaffsches i 7 min?[1-3] sött grad langä[4-6] okay[7-7] und?[8-9] bald do?[10-12] 


315.	msg	 ha denkt zu dä kaija[1-2] häfi chunnt au![3-6] okay isch au guet.[7-11] okii[12-12] 


316.	msg	 jo tip top ja hüt obig abgmacht![1-6] okay. wünsch dir viel spass. wo anä gohts?[7-17] 


317.	msg	 hahaha han numä musig gloset![1-6] okay denn langets viellicht grad no knapp bis am 11i[7-16] 


318.	msg	 viel glück. dä zug chunnt jo scho glii oder?[1-2] jo am 46![3-6] okay.[7-8] streng![9-10] da glaub i dir. hesch es jo bald überstandä[11-20] 


319.	msg	 aber de zug fahrt huerre komisch! rüttlet immer hin und her...[1-2] i 7 min?[3-6] okay[7-7] bi no im zug... scheiss verbindig...[8-15] 


320.	msg	 ich ha imfall au fast kei akku meh! naja süst am steph oder [LastName] alütä![1-6] okay.[7-8] sorry ha bis jetzt no kei ufladä station gseh![9-18] 


321.	msg	 neee hani nöd mit! het au kei platz bi üsem lager![1-6] okay[7-7] hahaha[8-8] und ihr?[9-11] mediaQremoved[12-12] 


322.	msg	 nö erst am bhf.[1-2] am viertelvor dobä![3-6] okay[7-7] guete morgä schatzeli. schön häsch gschlofä. macht direkt wieder spass zum ufstoh, wenn so es heisses büssi im bettli liit  emojiQgrinningFace  emojiQkissingCatFaceWithClosedEyes  wünsch dir en guete tag. lieb dich[8-40] 


323.	msg	 ha e neui zahbürstä übercho!!![1-6] okay. muess jo ganz ä spezieli si... emojiQwinkingFace[7-16] 


324.	msg	 ne erst am bhf. han bis am 5ab7i no fertig gmacht und ufgrumät. han jo kein stress  emojiQgrinningFaceWithSmilingEyes[1-1] bi am elfi dobä![2-6] okay[7-7] shit han prombt dä zmittag vergàssä. denn giits hald nur en snack und defür en richtigä zvieri  emojiQunamusedFace<br/>wünsch dir en guete tag.[8-32] 


325.	msg	 chönnd doch in normalä det hets alles!!![1-2] oder bini falsch?[3-6] okay han gmeint er macht am 7i zue. bin au im normale coop. fang eifach scho mol gmüetlich ah.[7-28] 


326.	msg	 bi ä stund länger bliibä[1-5] ah okay. hät so tönt als ob d grad au no di üblich stellwerkstörig hetsch...[6-22] 


327.	msg	 mue mi eh no ameldä i de fahrschuel![1-6] okay[7-7] chasch mir schnell alütä?[8-12] 


328.	msg	 ha früehschicht! chönnt aber sicher früehner go![1-6] okay vermurtlich chumm i frei über.[7-13] 


329.	msg	 phuu gschafft bi öppä am halbi dobä![1-6] okay denn bisch jo glich nöd so lang gstandä[7-15] 


330.	msg	 jep bi unterwegs![1-1] bi am halbi dobä![2-6] okay[7-7] morgä schatz! falls mir hüt scho gängtät, all mini sachä würdet ufem bett liggä. wünsch en schönä tag! lieb di[8-31] 


331.	msg	 so chum jetzt den dra... denks am 20.15 bini fertig![1-6] okay i mach mich uf dä weg.[7-14] 


332.	msg	 jo i mue d kassä no machä und ha no so en depp do[1-6] okay lönd mer geltà[7-10] bi am 7 dobä![11-15] 


333.	msg	 schatz chansch wennd churz ziit hesch bi dä ubs luegä obs scho geld uf em konto hät? sie hends am fr abgschlossä. merci.[1-6] okay i lüt demfall no a.[7-13] 


334.	msg	 also am 4 bi de grossä taflä![1-6] okay.[7-8]  emojiQfaceThrowingAKiss[9-9] noi man! s het zwor d studiä richtig aktualisiert aber defür stoht jetzt UNGÜLTIG uf minerä legi  emojiQpensiveFace[10-28] 


335.	msg	 bisch sicher dass überhaupt no usä willsch? isch grad würklich saumässig grusig. und din  emojiQpensiveFace  macht au nöd dä idruck als ob s dich freuä würd.[1-1] jetzt bini scho unterwägs![2-6] okay i wart bim bus.[7-12] 


336.	msg	 chasch den heicho.... er het kei ziit![1-6] okay[7-7] tja früehner gange isch au recht![8-14] 


337.	msg	 macht meh spass zweitä...[1-5] au okay. schrieb dir wenn i weiss wiä lang es goht[6-17] 


338.	msg	 neee stell dä wecker uf di halbi 7!!![1-6] okay suppi.[7-9] seen?[10-11] jepp[12-12] 


339.	msg	 wieso au nöd?![1-3] ztrinkä herdöpfel gürkli[4-6] okay bin uf em weg zum bhf[7-13] 


340.	msg	 mach mir ä portion pommes!!![1-6] okay i gib dir bscheid![7-12] 


341.	msg	 hey schatzeli. i wünsch dir en guete tag. d sunrise giit 20fr reduktion für 12 mönet. i denk da isch okay. lieb di!  emojiQfaceThrowingAKiss  emojiQfaceThrowingAKiss[1-13] 


342.	msg	 wenn bisch dihei? würd versuechswiis so en nuddeltopf machä, okay?[1-8] ha scho gessä! inerä halbä stund de bus isch mit vor de nasä abgfahrä![9-24] 


343.	msg	 ha scho gessä! inerä halbä stund de bus isch mit vor de nasä abgfahrä![1-6] okay, denn mach i än alternativä. bis bald.[7-17] 


344.	msg	 han idenkt[1-1] ha den d kimbi usägjagd[2-6] okay i bring si denn wieder mit[7-13] 


345.	msg	 ha fast kai akku meh![1-6] okay viel spass mit dä kaija und en liebä gruess. lieb di[7-19] 


346.	msg	 läck hüt grad vollgas geh wortwörtlich![1-6] okay i bin erst jetzt fertig gang uf dä heiwäg. wieso? autobahn[7-20] 


347.	msg	 ich bi vollgfressä! d zahnärzt hend so verbarmä das mi mit esse vollstopfät![1-6] okay denn lueg i für mich.[7-13] 


348.	msg	 no wach?[1-1]  emojiQsmilingFaceWithOpenMouth[2-2] am eis dobä![3-6] okay bis bald.[7-10] chunnsch mi go abholä oder bisch scho im bettli?[11-20] 


349.	msg	 aso i denks i chan uf die 18:09 zug z züri![1-6] okay i chum uf di halbi 7i an bhf.[7-16] 


350.	msg	 naja wenn er numä 3h schlof brucht...[1-6] okay?! da tönt aber scho chli ernster!<br/> emojiQsmilingFaceWithOpenMouth  jetzt wieder. mindestens vo ussä gsehts also no dänoch us.[7-28] 


351.	msg	 sind nochher no in hey city...[1-6] okay i han no es wiili[7-12] 


352.	msg	 schatz gang en zug früehner!!![1-6] okay i chummä no.[7-11] phuuu äs ghetto do... verspötigä...,[12-19] 


353.	msg	 hoi schatzeli. hesch en guete tag? i gang hüt obig no zum böpel go fondue essä, isch okay für di?[1-10] jo mach das!!![11-14] 


354.	msg	 jo chömmer obwohl i bi am 6 fertig... i gang go postä![1-6] okay aber nix für dä gfrührer er hets immer nonig gschafft. i lüüt ah hüt.[7-23] 


355.	msg	 jep!!!![1-1] bi am 1 dihai![2-6] okay i gang jetzt is bettli. evtl. bin i jo no wach  emojiQfaceThrowingAKiss<br/>guete heiwäg.[7-23] 


356.	msg	  emojiQdisappointedFace  nöd uf em 10i bus...[1-3] naaaiii[4-4] halbi elfi[5-6] okay[7-7] hend er scho in hühnertransporter verladä?[8-14] 


357.	msg	 hoi schatzeli! sind ufem weg schriibä wenn mer z züri sind![1-6] okay. gueti heimreis  emojiQfaceThrowingAKiss[7-11] bisch au spot haicho?![12-16] 


358.	msg	 hihihi tja chasch mol churz i die 2 inäluegä???[1-6] okay i luegs uf em heiwäg ah han mol beidi usdruckt.[7-18] 


359.	msg	 i bin grad no am luegä[1-6] okay[7-7] ouh man da goht huere schlecht uf em handy. i lueg no diheim[8-21] 


360.	msg	 die tönt numä live guet![1-6] okay freu mi druf[7-10] ohh jo[11-12] 


361.	msg	 wenni scho mol chan bliibä isches dir echt glich[1-6] okay. kei problem...i lueg sowieso hockey am obig. muesch denn eifach morn chli gas geh.[7-26] 


362.	msg	 jo aber i ha kein plan!!!![1-6] okay[7-7] was kein plan wied muesch fahrä?[8-14] 


363.	msg	 wenn bisch du öppä z heri  emojiQpig[1-1] bi am 18:54 in herisau[2-6] okay. i wart bim wiesental.[7-13] 


364.	msg	 muesch denn sägä ob er sich lohnt.[1-4] isch haaaammmeeerr[5-6] okay...evtl morn obig.[7-12] 


365.	msg	 so muess in club[1-1] mol go shake[2-4]  emojiQfaceWithStuckOutTongueAndWinkingEye[5-5] also okay. bis bald irgendwenn.[6-12] 


366.	msg	 het schnee. er isch nur 15min spöter gsi.hets auto gnoh. schnee isch guet. d sicht mittlerwillä au erträglich.[1-6] okay jo den isch doch guet! oder?[7-15] 


367.	msg	 wiä schaffsch morn?[1-1] jo scho kacke[2-4] früeh![5-6] okay. denn hald nur churz wo mer üs gsehnd.[7-17] 


368.	msg	 muesch en hald mit icetea mischä[1-2] nööö glaub weniger![3-6] okay nur en vorschlag gsi  emojiQfaceSavouringDeliciousFood[7-12] 


369.	msg	 muesch s natel abstellä nomol istellä! d sunrise het en dürenand gmacht mit dä rechnigä isch alles zahlt!![1-6] okay. bin grad im sunrise shop gsi go frogä....und er het ebà au nütz gseh gha.[7-26] 


370.	msg	 hesch mittag?[1-2] nööö mue wiiter!![3-6] okay. bis spöter[7-10] gang uf dä 48 er!!![11-16] 


371.	msg	 im migros hets es wc. bin am 14ab bi dä bushaltestell.[1-2] jooo[3-3] dringend?[4-5] ![6-6] okay.... emojiQconfoundedFace[7-9] joooo shit menno[10-12] 


372.	msg	 kai ahnig aber lüüt ihm mol ah![1-4] nöö gester[5-6] okay[7-7] was das alüütisch?[8-11] denn wenn ichs mach und da so gsi isch den bring i ihn um![12-26] 


373.	msg	 aso luscht hani uf pizza[1-2] scho de gaaaanzi tag[3-6] okay gluscht isch jo scho mol ä guets zeichä[7-15] 


374.	msg	 uf wellä zug gosch? 18ab?[1-1] phuu nö am halbi!!![2-6] okay.[7-8] wo bisch du?[9-12] 


375.	msg	 jo mol luegä oder hol mir was...[1-6] okay.[7-8] du am schaffä?[9-12] 


376.	msg	 hey das isch nöd witzig![1-1] uf die halbi nüni![2-6] okay[7-7] no ä christlichi ziit![8-12] 


377.	msg	 bis wänn schaffsch du?[1-3] bis am 6[4-6] okay i bin uf em heiwäg und hol s wäggeli zum go poste. treffed mer üs am hb? schriebsch wend in züri los gosch?[7-33] 


378.	msg	 wart gschnell....[1-2] 1 beutel.[3-5] langet[6-6] okay.[7-8] machemer herdöpfelstock mit plätzli?[9-13] 


379.	msg	 machemer herdöpfelstock mit plätzli?[1-3] oder kei bock[4-6] okay i nimm d plätzli usä[7-12] 


380.	msg	 machet mer en bett nomi?[1-6] okay. bin unterwägs[7-10] bin i 3 min dobä[11-15] 


381.	msg	 scho? bisch scho unterwägs?[1-2] jooo[3-3] uf dä 37er[4-6] okay has gseh. muesch denn stressä, dass dä aschluss verwütschesch in gossau[7-20] 


382.	msg	 ich bin am halbi dobä was chochsch den?[1-6] okay easy....[7-9] hoi schatz! schu ufem weg zum go worke? i mach fiirobig[10-22] 


383.	msg	 uf wellä bus morn?[1-2] phuu müend no luegä[3-6] okay[7-7] bus scho verwütscht. hesch du skype uf dim pc? denn chönnt mers so verschiebä.[8-24] 


384.	msg	 bus scho verwütscht. hesch du skype uf dim pc? denn chönnt mers so verschiebä.[1-5] nöööö[6-6] okay denn mached mers über dropbox[7-12] 


385.	msg	 will hüt no was machä....[1-6] okay. bin i dabei.[7-12] 


386.	msg	 nöö zfest grindweh ha mol es paracetamol gnoh es halbs[1-6] okay. wenn defür denn schlofä chansch isch sicher guet[7-16] 


387.	msg	 jäää weiss nöd gseh huerrä kacke us![1-6] okay luegsch emol. so wies usgseht bin i sogar no frühner fertig.[7-20] 


388.	msg	 jo döt vo letscht mol hinderem bahnhof?[1-6] okay banana[7-8] jep banana[9-10] wobi sauna glaub au mit vorsicht, oder[11-18] 


389.	msg	 goht ihm anscheinend nöd do guet....[1-6] okay?![7-8] i glaub i han no nie mit so enerä kompliziertä organisation wiä dä unizh z tue gha. han ä ganzi stund vertublet zum mich iloggä im mail und co...und ha trotzdem nonig alles gschafft....so idiotä.[9-49] 


390.	msg	 bisch scho unterwägs?[1-3] wie immer 48[4-6] okay.[7-8] mediaQremoved[9-9] mediaQremoved[10-10] reservationsnr; NNNNN[11-13] 


391.	msg	  emojiQpensiveFace  denn mach i mir no selber öppis.[1-2] jo sorry[3-4] isch doch okay.[5-8] bisch jo au scho länger diheim[9-14] 


392.	msg	 gang jetzt uf dä 7 goht aber via konstanz fast 5h! sött am 23.45 z züri acho den hani am 00.18 en zug...[1-2] aso am eis dihai[3-6] okay. denn gseht me sich allefalls uf em bus  emojiQsmilingFaceWithSmilingEyes[7-17] 


393.	msg	 jääh isch wieder mega ruhig. bin vermuetlich vor dir dihei.[1-5] hm okay... komisch wo sind den alli?[6-14] 


394.	msg	 i han em hüt nöd gschriebä. han denkt er chäm oder nöd.[1-6] okay[7-7] jo da isch scho chli blöd so...[8-15] 


395.	msg	 s c isch wieder offä. han i am letstä sunntig vergässä. neu sind d portugiesä vom drükönig druf.[1-3] mit essä.[4-6] okay[7-7] weiss mer eigentli wieso damals zue gangä isch???[8-16] 


396.	msg	 me spekuliert,dass dä marwin grad i dä feriä bi dä familie hangä bliibä isch. was i au chan verstoh.[1-6] okay jo scho[7-9] appropoz wie tuet dä flumi?[10-15] 


397.	msg	 sind guet i dä ziit bis jetzt[1-3] schö im ziitplan[4-6] okay.[7-8] nur no 1dl und kei geld meh. muess no langä bis am halbi.[9-24] 


398.	msg	 d wöwch im tumbler?[1-4] nei  emojiQdisappointedFace[5-6] okay denn mach i no gschnell[7-12] 


399.	msg	 lernä, snooker, guiness und en typ wo selbstgspröch führt  emojiQsmilingFaceWithOpenMouthAndSmilingEyes[1-5] hahaha okay[6-7] häfi?[8-9] i chan em jo mol tel.[10-16] 


400.	msg	 dörfsch fahrä?[1-1] retour fahrt er mag nümä[2-6] okay. verständlich. aber dä hiweg isch guet gangä?[7-17] 


401.	msg	 bruch glich no ä 2 hosä...[1-6] okay chönnd mermachä.[7-10] hesch du schuel?[11-14] 


402.	msg	 bin fertig.[1-1] bhf-str.?[2-4] chumä![5-6] okay.[7-8] mediaQremoved[9-9] es isch laaaaaaaannngggwiilliiggg[10-12] 


403.	msg	 aber das isch echt än scheiss mitem ticketcorner...[1-6] okay i gang go luegä.[7-12] 


404.	msg	 aso nu s mousse isch wichtig will da mue zieh![1-6] okay schoggimus isch organisiert.[7-11] i überleg no was i will machä[12-18] 


405.	msg	 am 5 bi mir?[1-3] bhfstr?[4-5] jep[6-6] okay i mach mich uf dä weg. ca 10min[7-17] 


406.	msg	 ??? nei! 37erzug ab zh.[1-4] ahhh sorry okay[5-7] bisch du grad direkt uf wil?[8-14] 


407.	msg	 bisch du grad direkt uf wil?[1-3] bin unterwegs hei[4-6] okay.[7-8] am viertelvor dobä[9-11] schriebsch wend uf em bus bisch  emojiQfaceThrowingAKiss[12-18] 


408.	msg	 scho?![1-1] am halbi fahrts[2-4] jep![5-6] okay[7-7] jo wil winti isch 10min![8-14] 


409.	msg	 isch nur einä (hündlilili)...er het müessä vor dä uni wartä. en riesä lärm[1-5] hahaha okay[6-7] hesch sehr bedrückt tönt. hesch so en miesä tag gha oder bisch eifach abäkempft?[8-23] 


410.	msg	 denn chönnd mer luege was es brucht.[1-6] okay[7-7] gmües, brot, zwieble, herdöpfel, knobli, süesses, milchschnitte, milch, rahm, fleisch, gnocchi, tortellini,  schoggi popcorn, spaghetti sauce, fertig pizza, pommes douchets[8-42] 


411.	msg	 ha fast kei akku meh treffpunkt grüental[1-6] okay 15min[7-9] guete morge schatz! wünschet en schönä tag! lieb di  emojiQfaceThrowingAKiss[10-21] 


412.	msg	 guete morgä schatzeli. han mich doch no für längerschlofä entschiedä. lieb di au! eu au en guete tag  emojiQsmilingFaceWithOpenMouthAndSmilingEyes[1-5] hihihi okay[6-7] goht nüt bi dir?[8-12] 


413.	msg	 au mintoast het kei schinkä gha emojiQpensiveFace[1-6] okay ich hoff i schaffs inere halb stund! läck kotzt mi da ahh[7-20] 


414.	msg	 chum erst am halbi use[1-3] aso 21.48 zug[4-6] okay.[7-8] denn chum i spöter.[9-13] 


415.	msg	 bin im sektor A[1-1] gang no zum coiffeur!![2-6] okay denn bliib i no chli do.[7-14] 


416.	msg	 bin bald fertig...[1-3] dä 37?[4-6] okay.[7-8] gl. 8[9-11] chume[12-12] 


417.	msg	 susch lohs. i find scho öpper wo mir chli giit bis am mäntig.[1-2] naiiii[3-3] sicher nöd![4-6] okay??![7-8] i gang eh no id stadt...[9-15] 


418.	msg	  emojiQsmilingFaceWithOpenMouth  emojiQsmilingFaceWithOpenMouth[1-1] den chömer zämä habbere..[2-6] okay. i schrieb dir no wenn dass i pausä han.[7-18] 


419.	msg	 ahhhaaaaa jo jetzt isch klar![1-1] dä 18 ab zug!?[2-6] okay![7-8] hoi ihr zwei. wünsch euch en guete tag. lieb di![9-21] 


420.	msg	 evtl. chönnd mer wieder zämä hei. bliib viellicht noch em schaffe nomol a dä eth.[1-5] ahhh okay jo wenn du meinsch?![6-12] 


421.	msg	 i mach mich uf dä heiwäg. hock diheim nomol anä.[1-6] okay ich dörf hüt früehner go!  emojiQfaceWithStuckOutTongueAndWinkingEye[7-14] 


422.	msg	 chum nöd druss aber chansch mirs jo denn verklickerä. i wart im national[1-6] okay[7-7] scho bstellt?[8-10] es cola. bin aber bald fertig.[11-18] 


423.	msg	 bin guet i dä ziit.[1-5] mediaQremoved[6-6] okay isch doch guet![7-11] und lauft si no?[12-16] 


424.	msg	 i lueg mol was git!  emojiQgrinningFaceWithSmilingEyes[1-6] okay.[7-8] okiii hoff chum rechtziigig usä[9-13] 


425.	msg	 do und fr blockkurs ganzä tag.[1-4]  emojiQfaceWithStuckOutTongueAndTightlyClosedEyes[5-5] ihhhh okay i han morn vo 9-18 und am friitig 6.30-15.30[6-20] 


426.	msg	 wo du?[1-3] 18 ab?[4-6] okay.[7-8] hed schatz! und guet ufgstandä?  emojiQsleepingFace  emojiQsleepingFace  emojiQsleepingFace[9-18] 


427.	msg	 denk i werd morn go![1-6] okay. find i guet.[7-12] 


428.	msg	 und was machsch?[1-2] mediaQremoved[3-3] pferdesteak  emojiQfaceSavouringDeliciousFood[4-5] hahahahaha okay[6-7] isch mega fein wordä. han grad agfangä essä. het nomol eis!!  emojiQfaceWithStuckOutTongueAndWinkingEye[8-22] 


429.	msg	 hesch jo ziit  emojiQfaceWithStuckOutTongueAndWinkingEye  und 5i dihei isch au no okay[1-7] jo voll[8-9] zum glück hani kei kurs hüt. bin also am 7i fertig  emojiQfaceThrowingAKiss[10-22] 


430.	msg	 bin in 10min am bhf[1-1] gang in coop[2-4] in grosse[5-6] okay.[7-8] was machsch? stönd dir d büsis scho uf dä füess weg em essä?[9-23] 


431.	msg	 und die lüüt gönd mir uf dä sack[1-6] okay es glace hesch dir verdient.[7-13] 


432.	msg	 jo ka vllt chame no eis go trinke oder so?![1-4] du?[5-6] okay i chum mit dir mit. i frog mol ah.[7-18] 


433.	msg	 hehe  emojiQfaceWithStuckOutTongueAndWinkingEye[1-1] gseht glaub guet us...[2-6] okay. i nimm dich am bhf winti in empfang.[7-17] 


434.	msg	 chasch du schnell nochli z trinkä hollä?[1-6] okay. am 10ab? was wettsch?[7-15] 


435.	msg	 jo gang aber no schnell en termin in seen go machä... gseh us!!!  emojiQfaceScreamingInFear[1-6] okay.[7-8] schlofsch no?[9-11] jetzt nümä[12-13] 


436.	msg	 hahaha dä hani scho ufbruucht!!![1-6] okay i holl no nochschub.[7-12] 


437.	msg	 und min kiefer tuet jetzt au weh!  emojiQunamusedFace[1-6] okay. denn wart no chli. aber tribk was. denn goht dä gschmack schneller weg.[7-24] 


438.	msg	 hihihi chasch jo au mol luege isch stream![1-4] ah.okay[5-7] jep  emojiQfaceWithStuckOutTongueAndWinkingEye[8-9]  emojiQthumbsUpSign  emojiQsmilingFaceWithSmilingEyes[10-11] bin hellwach!!![12-14] 


439.	msg	 jep. guet. het es paar wo tested und no meh wo chömmed go hollä.[1-6] okay trotz dem wetter? erstuhnlich![7-13] 


440.	msg	 nööö ha no 10.- als münz! aber dankä!  emojiQfaceThrowingAKiss[1-6] okay. denn isch jo guet![7-13] 


441.	msg	 aah...du meinsch dini röckli.[1-5] jooooo[6-6] okay. claro. hesch jo scho bald summer  emojiQfaceWithStuckOutTongueAndWinkingEye[7-16] 


442.	msg	 hmm. nonig. mach jetzt grad no gschnell en huusbsuech bimä chund. bin neuerdings au no usädienst-mitarbeiter  emojiQgrinningFaceWithSmilingEyes[1-4] waaasss????[5-6] okay chostet was oder?!  emojiQgrinningFaceWithSmilingEyes[7-12] 


443.	msg	 aha? z 5ä! mol luege i denk scho. uf di 10i isch glaub okay.[1-8] hihihi okiii[9-10] z nacht esse will i au no. muess schliesslich s gmüess no bruche. emojiQfaceWithStuckOutTongueAndWinkingEye[11-26] 


444.	msg	 für d feriegäst  emojiQfaceWithStuckOutTongueAndWinkingEye[1-1] dä plattäspieler isch kaputt[2-5]  emojiQfaceWithStuckOutTongueAndWinkingEye[6-6] okay. mine tuet no  emojiQgrinningFaceWithSmilingEyes  emojiQthumbsUpSign[7-13] 


445.	msg	 i glaub i gang go pfussä. mach morn morge nomol ä rundi.[1-6] okay wie du meinsch!  emojiQfaceWithStuckOutTongueAndTightlyClosedEyes[7-12] 


446.	msg	 han erst 50euro bruucht! okay was machsch döte no äs bsüechli?[1-14] 


447.	msg	 aber bin immer dä depp da isch scho immer so gsi... ach egal isch glich[1-6] okay...da isch nöd so übere cho.[7-15] 


448.	msg	 irgendöpert mues jo dä chopf anähebä!  emojiQfaceWithStuckOutTongueAndTightlyClosedEyes[1-6] okay. nimmt mich den aber scho no wunder.[7-16] 


449.	msg	 isch schochli strange[1-1] dä reste isch vorläufig no okay?[2-8] chönnt aber au es glace oder so vom nomittag gsi si[9-19] 


450.	msg	 pfffff und i vermiss di[1-3] sind am jassä[4-6] okay. gueti charte wünsch i.[7-13] 


451.	msg	 gang uf dä 22[1-4] schaff dä[5-6] okay. i mach mich demfall mol parat.[7-15] 


452.	msg	 jep 40.- hends wellä die schlümpf!  emojiQangryFace[1-4] scheisse! okay den het sichs wieder erledigt.[5-13] 


453.	msg	 okii söll i bis den s züg nomol parat machä???[1-1] jo da wär super.[2-6] okay[7-7] morgä schatz! wünsch dir än schönä tag, lieb di  emojiQfaceThrowingAKiss[8-19] 


454.	msg	 langets au am 8i? i würd mi no gern 2h ufs ohr legä. da liit sicher drin oder. papi chan i susch denn grad au überneh. okay?[1-8] papi erledigt!  emojiQfaceSavouringDeliciousFood[9-12] 


455.	msg	 nierestei hani kei dä chlii sitzt uf minärä harnröhre!  emojiQunamusedFace[1-6] okay. da tönt jo scho mol guet.<br/>ind wiä behandlet mers? kaiserschnitt? emojiQfaceWithStuckOutTongueAndWinkingEye[7-23] 


456.	msg	 kai ahnig... han sie det loh!  emojiQfaceScreamingInFear[1-6] okay. die goht scho wieder retour.[7-14] 


457.	msg	 wiä wiit bisch?[1-2] 5 min!  emojiQfaceSavouringDeliciousFood[3-6] okay warte bim bus.[7-11] okiii[12-12] 


458.	msg	 hesch recht. immer s positive mitneh.[1-6] okay.[7-8] oder willsch elai zum paul?  emojiQfaceSavouringDeliciousFood[9-15] 


459.	msg	 han jo gfroget ob du ihm no schriibsch?[1-6] okay. den frog i no nochä, obs überhaput stattfindet. s wetter gseht nöd so schlecht us am sunntig. chli chüel aber trochä.[7-33] 


460.	msg	 au shit da muess i jo au no. okay i gang scho mol los. muesch dir hald denn spöter selber öppis hollä. cu @ wil.[1-26] 


461.	msg	 han mol no en geburtsvorbereitigskurs agluegt will i jo kei bestätigung übercho han...[1-6] okay. i gibs mol so wiiter. merci.[7-16] 


462.	msg	 und jenes spinnendi rentner und halb-alti wo dä neu bhf sind go aluege.<br/>nonig  emojiQfaceWithStuckOutTongueAndWinkingEye[1-5] omg okay[6-7] hend aber platz.[8-11] immerhin![12-13] 


463.	msg	 ha den no mit de bommeli gredt verzells dir den!  emojiQfaceWithStuckOutTongueAndTightlyClosedEyes[1-6] okay.[7-8] weisch weli oder?[9-12] 


464.	msg	 nei d bommeli isch die vo dä stadt wg dä wohnhilf[1-5] aah okay.[6-8] chamsch mir denn sägä.[9-13] 


465.	msg	 weiss jo nöd wie das anderi lüüt machet![1-6] okay.[7-8] jänu[9-9] denn wirds schwierig. aber eigentlich muess sie dich go loh.[10-21] 


466.	msg	 jep rahm chan i bringe. meld mich in es paar minute wenn das okay isch für dich. mit em böpel han i gschriebä.[1-18] 


467.	msg	 die hend gaaanz liecht glitzer und sind french weisch weli?[1-6] okay[7-7] chostet 19.90[8-9] supi. denn langets.[10-14] 


468.	msg	 i bring dir welchi is gschäft.[1-1] nö isch guet machs andersch[2-6] okay.[7-8] sorry.[9-10] jänu[11-11] i nimm nöd a, dass du d kleider wo du diä wuche no wetsch scho ussortiert hesch, gell? aber alles wo nöd buchkonform isch chönnd mer denks scho mitneh.<br/>wenigstens gsehts au hüt nonig grad noch regä us. wünsch dir en guete tag  emojiQfaceThrowingAKiss[12-60] 


469.	msg	 jo wär chli blöd gsi...  emojiQfaceWithStuckOutTongueAndTightlyClosedEyes  okay naja den tueni d chuchi machä und d chleider wäschä und zämä legä... mach sowiet wie i chan![1-27] 


470.	msg	 bis wenn schaffsch?[1-2] bis am 8![3-6] okay. hesch du en termin versemmlet im ksw? han en aruef druf wo dennoch usgseht. NNNNNNNNNN giit aber kein eidütige treffer im telbuech.[7-33] 


471.	msg	 gseh kein grund![1-4] hmmm....okay. bin gspannt was wieder bosget hend.[5-15] 


472.	msg	 pfff loh mi chrank schriibä han d schnauzä voll[1-6] okay?! hesch mit dä HR gredt?[7-14] 


473.	msg	 jo klar. lüt mer wend zum bus us stiegsch. den chum i abe.[1-2] i stieg ih[3-5] ui okay.[6-8] aso i 5 min öppä detä...[9-15] 


474.	msg	 nei bin z langsam gsi mag doch nümä rennä!  emojiQpensiveFace[1-6] okay denn chum i an bhf.[7-13] 


475.	msg	 han mini haftpflicht gfundä. i lüt nochher emol ah weg em gschirrspühler.[1-2] wart mol no![3-6] okay denn nimm i aber morn sicher s versicherigschärtli mit.[7-17] 


476.	msg	 aso mer müend glaub nöd det si soviel i verstandä ha...[1-6] okay.[7-8] hey schatz nimm nöd ah das du am 19.30 dihei chönntsch sie?[9-21] 


477.	msg	 alles richtig konferenzräumend stegä abä bi dä gynä![1-5] ???? okay i lueg den emol ob i da findä.[6-16] 


478.	msg	 jo mol wenn sie d kaution bhaltet bis d maschine gmacht isch.[1-5] ah okay.[6-8] jo aso so ne maschinä isch imnä tag gmacht... sorry![9-20] 


479.	msg	 jo vlt isch jo d leitig au hüt scho ufgschalte.[1-4] hm... okay[5-7] zyxel chönnt no üs ghöre nöd?[8-14] 


480.	msg	 jo chasch mol dra schnüffle haut die fast hine usä[1-6] okay  emojiQconfoundedFace[7-8] jo chasch den sägä han müese parfümiere anderst heti da nöd usghalte[9-20] 


481.	msg	 i hinderleg im sv äs couvert mit geld demit du no chasch was z nacht holä isch guet?[1-6] okay.[7-8] tierarzt isch okay.[9-12] 


482.	msg	 i hinderleg im sv äs couvert mit geld demit du no chasch was z nacht holä isch guet?[1-2] okay.[3-4] tierarzt isch okay.[5-8] aso sorry vor luter stress hani s geld couvert vergessä i wär im sv jetzt!  emojiQfaceWithStuckOutTongueAndTightlyClosedEyes[9-25] 




finished