"","tok.id","noun","ref"
"1","5.25","Anlass","dafür"
"2","5.31","Herren","herausgefordert"
"3","5.35","Abend","herausgefordert"
"4","5.38","Duell","herausgefordert"
"5","5.44","Satz","Satz"
"6","5.52","Rande","gesagt"
"7","5.58","Interview","gesagt"
"8","5.68","Schlagabtausch","geliefert"
"9","5.73","Xing","Schlagabtausch"
"10","5.80","Duell","verabredet"
"11","5.87","Satz","zitiere"
"12","5.103","Europa","leben"
"13","7.115","Satz","anzuknüpfen"
"14","7.121","Frage","geht"
"15","7.132","Wirtschaft","Union"
"16","7.134","Wohlstand","Union"
"17","9.152","Fall","Fall"
"18","9.160","Dingen","einzuschätzen"
"19","9.162","Globalisierungsagentur","einzuschätzen"
"20","9.168","Europa","Europa"
"21","9.170","Lobbyisten","Europa"
"22","9.173","Bürokraten","Lobbyisten"
"23","9.176","Großkonzerne","Lobbyisten"
"24","9.194","Bund","macht"
"25","9.196","Staaten","Bund"
"26","9.200","Grenzschutz","macht"
"27","9.205","Markt","Grenzschutz"
"28","9.209","Schutz","macht"
"29","9.211","Identität","Schutz"
"30","9.216","Entwicklung","macht"
"31","9.221","Autonomie","Entwicklung"
"32","9.227","Pol","Autonomie"
"33","9.232","Weltordnung","Pol"
"34","11.252","Form","verzichtbar"
"35","13.285","Beste","will"
"36","13.295","Versprechen","gehabt"
"37","13.300","Wohlstand","."
"38","13.304","Frieden","Wohlstand"
"39","13.308","Freiheit","Wohlstand"
"40","13.312","Sicherheit","Wohlstand"
"41","13.323","Versprechen","eingelöst"
"42","13.327","Jahre","haben"
"43","13.330","Stabilität","haben"
"44","13.357","Bürokratie","erleben"
"45","13.361","Gängelung","Gängelung"
"46","13.366","Leute","nervt"
"47","13.370","Verbrennerverbot","Verbrennerverbot"
"48","13.374","Dinge","Verbrennerverbot"
"49","13.380","Land","ärgern"
"50","13.389","Dingen","bewegen"
"51","13.399","Dingen","raushalten"
"52","13.406","Haus","hat"
"53","13.416","Haus","Haus"
"54","13.422","Fundament","hat"
"55","13.428","Freiheiten","leben"
"56","13.439","Demokratie","Demokratie"
"57","13.441","Welt","Demokratie"
"58","13.448","Kern","Binnenmarkt"
"59","13.451","Dingen","Kern"
"60","13.455","Binnenmarkt","Binnenmarkt"
"61","13.459","Deutsche","Wir"
"62","13.465","Stabilität","reißt"
"63","13.475","Lampe","kaputt"
"64","13.480","Tür","quietscht"
"65","13.489","Haus","reißt"
"66","13.515","Wohlstand","stirbt"
"67","13.534","Katastrophe","Katastrophe"
"68","13.541","Abstieg","Abstieg"
"69","17.576","Sinne","stirbt"
"70","17.581","Europa","leben"
"71","17.596","Fakt","Fakt"
"72","17.605","Agenda","ausgesorgt"
"73","17.611","Verbrenner","ausgesorgt"
"74","17.616","Verbrenner","Verbrenner"
"75","17.643","Klimaneutralität","Ja"
"76","17.655","Dekarbonisierung","heißt"
"77","17.660","Luftbesteuerung","Dekarbonisierung"
"78","17.665","Bepreisung","heißt"
"79","17.675","Markt","macht"
"80","17.678","Energiepreise","gehen"
"81","17.682","Decke","gehen"
"82","17.685","Deindustrialisierung","Werk"
"83","17.689","Werk","Werk"
"84","17.694","Wohlstandsvernichter","Wohlstandsvernichter"
"85","17.703","Politik","durchzieht"
"86","17.721","Bund","brauchen"
"87","17.723","Staaten","Bund"
"88","17.744","Nationen","leben"
"89","17.754","Konflikte","haben"
"90","17.760","Markt","haben"
"91","19.786","Wohlstandsvernichter","gesagt"
"92","19.789","Institut","ausgerechnet"
"93","19.792","Wirtschaft","Institut"
"94","19.799","Teil","ausgerechnet"
"95","19.806","Millionen","Arbeitsplätze"
"96","19.807","Arbeitsplätze","verlieren"
"97","19.818","Unternehmer","getroffen"
"98","19.826","Land","unterwegs"
"99","19.847","Form","abgeschafft"
"100","21.858","Unternehmer","S3"
"101","21.869","Überzeugung","Unternehmer"
"102","21.873","Bürokratie","geworden"
"103","21.880","Gängelung","geworden"
"104","21.888","Zentralisierung","geworden"
"105","21.897","Dingen","Energiepreise"
"106","21.899","Energiepreise","geworden"
"107","21.915","Höhen","getrieben"
"108","21.930","kurzem","gegeben"
"109","21.932","Zahlen","bekannt"
"110","21.938","Jedes","Unternehmen"
"111","21.942","Unternehmen","verlassen"
"112","21.949","Energiepreise","schultern"
"113","21.959","Unternehmen","gehen"
"114","21.969","Energiepreise","niedriger"
"115","21.980","Politik","Politik"
"116","21.985","Politik","Politik"
"117","21.990","Politik","Politik"
"118","21.1008","Bund","EU"
"119","21.1010","Staaten","Bund"
"120","21.1021","Markt","wollen"
"121","21.1031","Schutz","wollen"
"122","21.1033","Außengrenzen","Schutz"
"123","21.1039","Selbstständigkeit","brauchen"
"124","21.1044","Superstaat","brauchen"
"125","21.1049","Zentralismus","brauchen"
"126","21.1052","Bürokraten","brauchen"
"127","21.1061","Geld","kostet"
"128","23.1080","Faktencheck","mal"
"129","23.1088","Verbrennerverbot","verhindert"
"130","25.1104","Europawahlprogramm","0:05:07.3"
"131","27.1133","Zuschauer","gehen"
"132","29.1146","Faktencheck","gibt"
"133","31.1183","Kern","im"
"134","31.1188","Frage","im"
"135","31.1213","Regale","Regale"
"136","31.1215","Supermärkten","Regale"
"137","31.1224","ja","hatten"
"138","31.1228","Genüge","zur"
"139","33.1238","Ihrer","Politik"
"140","33.1239","Politik","ausreden"
"141","35.1251","Ordnung","wäre"
"142","35.1267","Regale","angucken"
"143","35.1271","Supermarkt","im"
"144","35.1273","Arbeitslosigkeit","Supermarkt"
"145","35.1277","Dingen","Wohlstandsvernichter"
"146","35.1278","Wohlstandsvernichter","Leere"
"147","35.1284","Axt","legen"
"148","35.1288","Rückgrat","brechen"
"149","35.1291","Exportnation","Rückgrat"
"150","35.1314","Beispiel","es"
"151","35.1324","Brexit","Brexit"
"152","35.1333","Brexit","führt"
"153","35.1370","Woche","war"
"154","35.1374","Unternehmen","war"
"155","35.1379","%","Exportquote"
"156","35.1380","Exportquote","haben"
"157","35.1384","Markt","Exportquote"
"158","35.1392","Band","geredet"
"159","35.1395","Papier","geredet"
"160","35.1399","Mitarbeiterin","Papier"
"161","35.1410","Produkt","gemacht"
"162","35.1419","Tag","am"
"163","35.1430","Arbeit","sagt"
"164","35.1432","Jahre","Unternehmen"
"165","35.1435","Unternehmen","Arbeit"
"166","35.1449","Produkte","tollen"
"167","35.1466","Zollschranken","abschaffen"
"168","35.1484","Prinzip","etwas"
"169","35.1497","Land","Land"
"170","35.1501","Produkt","geht"
"171","35.1524","Ziel","Ziel"
"172","37.1538","Ausführungszeit","haben"
"173","39.1549","Zeit","Zeit"
"174","39.1554","Abstieg","Abstieg"
"175","39.1565","Kern","geht"
"176","39.1582","Unternehmen","niederlassen"
"177","39.1590","Versprechen","niederlassen"
"178","39.1597","Wirklichkeit","werden"
"179","39.1609","Thüringen","wird"
"180","41.1618","Monologe","halten"
"181","41.1625","Sendezeit","haben"
"182","41.1627","Zeit","Zeit"
"183","41.1631","Minuten","Zeit"
"184","43.1646","Argumente","geht"
"185","45.1669","Sachen","gestellt"
"186","45.1673","Raum","gestellt"
"187","45.1699","Zahlen","Gucken"
"188","45.1709","Rezession","steckt"
"189","45.1716","Amerikaner","Amerikaner"
"190","45.1720","Wirtschaft","Wirtschaft"
"191","45.1729","Perspektiven","besser"
"192","45.1738","Euroraum","als"
"193","45.1744","Zahlen","Zahlen"
"194","45.1749","Klimapolitik","stehen"
"195","45.1756","Agenda","stehen"
"196","45.1765","Folge","Bepreisung"
"197","45.1768","Bepreisung","stehen"
"198","45.1772","Folge","Folge"
"199","45.1777","Energiepreise","gehen"
"200","45.1784","Decke","gehen"
"201","45.1792","Kampf","geführt"
"202","45.1795","Verbrennungsmotor","Kampf"
"203","45.1797","Kampf","Kampf"
"204","45.1801","Automobilindustrie","Kampf"
"205","45.1806","Rückgrat","Kampf"
"206","45.1808","Wirtschaft","Rückgrat"
"207","45.1828","Automobilzulieferindustrie","haben"
"208","45.1830","Probleme","haben"
"209","45.1834","Probleme","haben"
"210","45.1839","Monat","Werk"
"211","45.1843","Werk","geschlossen"
"212","45.1850","Werke","folgen"
"213","45.1861","Kampagne","haben"
"214","45.1866","Fraktion","Kampagne"
"215","45.1875","Betrieben","gestanden"
"216","45.1881","Mitarbeitern","gesprochen"
"217","45.1895","Höhe","getriebenen"
"218","45.1897","Energiepreise","brechen"
"219","45.1902","Knick","Kampf"
"220","45.1906","Kampf","brechen"
"221","45.1909","Diesel","Kampf"
"222","45.1919","Klimapolitik","bricht"
"223","45.1922","Automobilindustrie","bricht"
"224","45.1927","Genick","bricht"
"225","45.1932","Wohlstandsvernichter","Wohlstandsvernichter"
"226","45.1939","Partei","das"
"227","45.1949","Spiel","spielte"
"228","45.1959","Klein","EU"
"229","45.1961","Mittelstand","Klein"
"230","45.1970","Angestellten","Angestellten"
"231","45.1972","Arbeiter","Angestellten"
"232","45.1975","Familien","Angestellten"
"233","45.1983","Großkonzerne","EU"
"234","53.2033","Nationen","gleichschaltet"
"235","53.2036","Wirtschaftsraum","Nationen"
"236","53.2040","Art","gleichschaltet"
"237","53.2042","Weise","Art"
"238","53.2049","Tradition","zuwiderläuft"
"239","53.2060","Vielgestaltigkeit","Kleinteiligkeit"
"240","53.2064","Kleinteiligkeit","Kleinteiligkeit"
"241","53.2079","Bürokratenmonster","brauchen"
"242","55.2104","Umfragen","stärkste"
"243","55.2106","Kraft","punktet"
"244","55.2111","Bund","Platz"
"245","55.2114","Platz","in"
"246","55.2131","Bürgerinnen","Vorteile"
"247","55.2133","Bürgern","Bürgerinnen"
"248","55.2135","Vorteile","vermitteln"
"249","57.2166","Faktencheck","Faktencheck"
"250","57.2177","Pult","liefern"
"251","57.2183","Studie","gibt"
"252","57.2185","Instituts","Studie"
"253","57.2188","Wirtschaft","Instituts"
"254","57.2197","Plan","bedeuten"
"255","59.2215","Warum","gelingt"
"256","59.2223","Vorteile","ziehen"
"257","61.2235","Punkt","hinweisen"
"258","61.2244","Wähler","wichtig"
"259","61.2248","ändern","Frage"
"260","61.2250","Abend","Frage"
"261","61.2253","Meinung","Frage"
"262","61.2258","Frage","Frage"
"263","61.2275","Thüringerinnen","Portemonnaie"
"264","61.2279","Arbeitnehmer","Portemonnaie"
"265","61.2286","Portemonnaie","haben"
"266","61.2289","Jahr","haben"
"267","61.2294","Studie","Studie"
"268","61.2299","Wirtschaft","Instituts"
"269","61.2311","Chancen","nutzen"
"270","61.2321","Ende","dazu"
"271","61.2326","Thüringer","ärmer"
"272","63.2345","Vorteile","erklären"
"273","63.2347","Bürgern","erklären"
"274","65.2368","Industrienation","Industrienation"
"275","65.2381","Industrienation","EWG"
"276","65.2392","Industrienation","eingefordert"
"277","67.2404","Fairness","schön"
"278","67.2407","Herrn","Vogt"
"279","67.2411","Frage","schön"
"280","67.2414","Danke","Frage"
"281","69.2434","Antwort","hätte"
"282","69.2436","Klar","Klar"
"283","71.2450","Kraft","Kraft"
"284","71.2465","Duell","Abend"
"285","71.2467","Abend","Abend"
"286","71.2476","Unterschiede","machen"
"287","71.2491","Risiko","finde"
"288","71.2502","Katastrophe","finde"
"289","71.2508","Grund","diskutieren"
"290","71.2516","Fakten","diskutieren"
"291","71.2524","Faschisten","nennen"
"292","71.2537","Gericht","gemacht"
"293","71.2547","Frage","geht"
"294","71.2553","Sachauseinandersetzung","geht"
"295","71.2557","Politik","produziert"
"296","71.2559","Schaden","produziert"
"297","71.2575","Wahlkampf","im"
"298","71.2581","Zuspruch","spüre"
"299","71.2587","Monate","hat"
"300","71.2593","Prozentpunkte","hat"
"301","71.2605","Umfragen","Prozentpunkte"
"302","71.2607","Prozentpunkte","Prozentpunkte"
"303","71.2615","Kraft","werden"
"304","73.2637","Wirtschaft","weitermachen"
"305","73.2650","Thema","schauen"
"306","73.2667","Sofortprogramm","steht"
"307","73.2669","Partei","Sofortprogramm"
"308","73.2675","Bürger","zitiere"
"309","73.2677","Unternehmen","entlastet"
"310","73.2690","Strom","gesenkt"
"311","73.2693","Energiesteuer","Strom"
"312","73.2696","Minimum","gesenkt"
"313","73.2700","Luftverkehr","gestrichen"
"314","73.2702","Grundsteuer","Luftverkehr"
"315","73.2718","Staat","entgehen"
"316","73.2719","Einnahmen","entgehen"
"317","73.2721","Höhe","entgehen"
"318","73.2725","Milliarden","€"
"319","73.2738","Wirtschaftsforschung","Zentrum"
"320","73.2745","Lücke","denn"
"321","73.2749","Haushalt","stopfen"
"322","75.2775","Frage","Frage"
"323","75.2780","Einsparpotenzial","ausgemacht"
"324","75.2789","Posten","Denken"
"325","75.2790","Entwicklungshilfe","Denken"
"326","75.2795","Einzelpläne","aufgeklärt"
"327","75.2797","Bundeshaushalts","Einzelpläne"
"328","75.2802","Summe","aufgeklärt"
"329","75.2806","Milliarden","€"
"330","75.2814","Genderprojekte","ausgegeben"
"331","75.2822","Wärmedämmung","ausgegeben"
"332","75.2831","Entwicklungshilfe","ausgegeben"
"333","75.2843","Konkurrenten","Entwicklungshilfe"
"334","75.2846","Weltmarkt","Konkurrenten"
"335","75.2848","Radwege","Weltmarkt"
"336","75.2870","Milliarden","€"
"337","75.2875","Migrationspolitik","gespart"
"338","75.2881","Haus","Haus"
"339","75.2884","Blatt","Welt"
"340","75.2887","Welt","transportiert"
"341","75.2893","Kurzem","transportiert"
"342","75.2894","Gott","Kurzem"
"343","75.2898","Zahlen","transportiert"
"344","75.2904","Einwanderung","hat"
"345","75.2924","Jahr","kostet"
"346","75.2926","Milliarden","€"
"347","75.2933","Entwicklungshilfeposten","nehmen"
"348","75.2939","Milliarden","nehmen"
"349","75.2957","Entwicklungshilfe","zusammenstreichen"
"350","75.2967","Fall","Fall"
"351","75.2972","Milliarden","Euro"
"352","75.2977","Jahr","bei"
"353","75.2980","Geld","da"
"354","75.2992","Interesse","ausgegeben"
"355","75.3000","Primat","Primat"
"356","75.3003","Politik","Primat"
"357","75.3007","Geld","Land"
"358","75.3014","Steuerzahler","erarbeitet"
"359","75.3023","Zwecke",","
"360","75.3027","Land","Zwecke"
"361","77.3042","Zahlen","viele"
"362","77.3045","Studio","fliegen"
"363","77.3051","Hinweis","Publikum"
"364","77.3055","Publikum","ans"
"365","77.3059","Zahlen","checken"
"366","77.3067","Faktencheck","gibt"
"367","77.3077","Frage","fordern"
"368","77.3081","Steuersenkungen","fordern"
"369","77.3090","Staatshaushalt","gegenfinanzieren"
"370","79.3106","Bundeshaushalt","machen"
"371","79.3129","simpel","Dinge"
"372","79.3132","Dinge","sage"
"373","79.3144","Land","bin"
"374","79.3153","Leute","regt"
"375","79.3160","Ungerechtigkeit","haben"
"376","79.3165","Arbeitsmarkt","am"
"377","79.3167","Kassiererin","Kassiererin"
"378","79.3172","Stunden","arbeitet"
"379","79.3184","Gefühl","hat"
"380","79.3192","Land","zugeht"
"381","79.3195","Menschen","arbeiten"
"382","79.3198","arbeiten","arbeiten"
"383","79.3205","Bürgergeld","Bürgergeld"
"384","79.3211","Grund","klipp"
"385","79.3223","Konzentration","gehen"
"386","79.3266","Bürgergeld","einzuschränken"
"387","79.3275","Staaten","kommen"
"388","79.3282","Ungerechtigkeit","Ungerechtigkeit"
"389","79.3285","Leute","verstehen"
"390","79.3291","Punkt","Wir"
"391","79.3300","Fleiß","lohnt"
"392","79.3304","Leistung","lohnen"
"393","79.3310","Land","lohnen"
"394","79.3313","Fleißige","Dumme"
"395","79.3317","Dumme","Dumme"
"396","79.3326","Unternehmen","war"
"397","79.3332","Landmaschinen","stellen"
"398","79.3339","Belegschaft","sagt"
"399","79.3373","Rest","geht"
"400","79.3377","Staat","geht"
"401","79.3392","Überstunden","stellen"
"402","79.3402","Menschen","Portemonnaie"
"403","79.3408","Portemonnaie","haben"
"404","79.3415","Leistung","lohnen"
"405","79.3420","Land","lohnen"
"406","79.3439","Steuereinnahmen","haben"
"407","79.3441","Kraft","aufgenommen"
"408","79.3445","Wachstum","aufgenommen"
"409","83.3484","Zunge","brennt"
"410","83.3486","Anführungszeichen","brennt"
"411","83.3488","Kollege","Kollege"
"412","83.3496","Konrad","Kollege"
"413","83.3502","Aneinanderreihen","Konrad"
"414","83.3504","Worthülsen","Aneinanderreihen"
"415","83.3507","Phrasen","Worthülsen"
"416","83.3513","Herr","Partei"
"417","83.3518","Partei","Regierungspartei"
"418","83.3525","Abstand","Regierungspartei"
"419","83.3528","Regierungspartei","Regierungspartei"
"420","83.3532","Bund","im"
"421","83.3546","Abgaben","Abgaben"
"422","83.3548","Steuerbelastung","Abgaben"
"423","83.3555","Jahrzehnten","versagt"
"424","83.3562","Wahl","versprechen"
"425","83.3566","Wählern","versprechen"
"426","83.3568","Blaue","versprechen"
"427","83.3572","Himmel","vom"
"428","83.3594","Art","glaube"
"429","83.3596","Weise","Art"
"430","83.3607","Ursache","Ursache"
"431","83.3610","Politikverdrossenheit","Ursache"
"432","83.3614","Land","im"
"433","83.3617","Leute","herumführen"
"434","83.3624","Nase","herumführen"
"435","83.3635","Geld","Land"
"436","83.3646","Land","bleibt"
"437","83.3651","Dingen","Dingen"
"438","83.3653","Rentner","Dingen"
"439","83.3664","Rentner","haben"
"440","83.3669","Verhältnissen","Rentner"
"441","83.3675","Armut","die"
"442","83.3677","leben","Armut"
"443","83.3683","Bürgerdialogen","bin"
"444","83.3689","Jahren","bin"
"445","83.3695","Bürger","besuchen"
"446","83.3705","Tränen","haben"
"447","83.3708","Augen","Tränen"
"448","83.3714","Menschen","weinen"
"449","83.3733","Geld","reicht"
"450","83.3740","Leben","nicht"
"451","83.3742","Menschen","gehen"
"452","83.3746","Leben","lang"
"453","83.3752","Jahre","Menschen"
"454","83.3757","Jahre","Jahre"
"455","83.3763","€","gehen"
"456","83.3765","Rente","€"
"457","83.3767","Hause","Rente"
"458","83.3782","Geld","da"
"459","83.3788","Rente","ran"
"460","83.3794","Rente","reformiert"
"461","83.3802","Leute","dem"
"462","83.3804","Geld","dem"
"463","83.3808","Leben","Alter"
"464","83.3813","Alter","reicht"
"465","85.3832","Anwurf","macht"
"466","85.3845","Bürokratieindex","sagen"
"467","85.3849","Faktenchecker","angucken"
"468","85.3859","Faktenchecking","haben"
"469","87.3881","Account","gecheckt"
"470","87.3885","Fakten","gecheckt"
"471","89.3904","Fakten","2021"
"472","89.3908","Nachhinein","angucken"
"473","89.3929","Bürokratie","abgebaut"
"474","89.3940","Ebene","streichen"
"475","89.3946","Regelung","streichen"
"476","89.3964","Union","wollen"
"477","89.3971","Kern","geht"
"478","89.3981","Kern","geht"
"479","89.3991","Leute","Portemonnaie"
"480","89.3994","Land","Leute"
"481","89.4002","Portemonnaie","haben"
"482","89.4012","Tasche","haben"
"483","89.4015","Gegenteil","Fall"
"484","89.4018","Fall","Fall"
"485","89.4026","Austritt","wollen"
"486","89.4034","Produkte","werden"
"487","89.4040","Ausland","im"
"488","89.4056","Mittelständler","führt"
"489","89.4058","Unternehmen","Mittelständler"
"490","89.4062","Handwerker","Mittelständler"
"491","89.4075","Politik","Politik"
"492","89.4077","Wirtschaftsvernichtung","Politik"
"493","89.4080","Land","Wirtschaftsvernichtung"
"494","93.4099","Hauptproduzent","Hauptproduzent"
"495","93.4101","Bürokratie","Hauptproduzent"
"496","93.4104","Lieferkettenrichtlinie","Fraktion"
"497","93.4112","Fraktion","durchgewunken"
"498","93.4120","Form","durchgewunken"
"499","97.4137","Lieferkettengesetz","Lieferkettengesetz"
"500","99.4150","Baustelle","Baustelle"
"501","101.4164","Vorgabe","S5"
"502","101.4168","Vorgabe","kam"
"503","101.4176","Beispiel","besetzt"
"504","101.4178","Lieferketten","besetzt"
"505","103.4191","Eisenacher","Brötchen"
"506","103.4192","Fleischermeister","Eisenacher"
"507","103.4202","Brötchen","Bedeutet"
"508","103.4205","Mettbrötchen","Brötchen"
"509","103.4209","handfestes","Mettbrötchen"
"510","103.4213","Beispiel","anzuführen"
"511","105.4227","Gehackt","Gehackt"
"512","109.4249","Stadt","auskennen"
"513","109.4254","Brötchen","gesagt"
"514","111.4273","Eichsfeld","sagen"
"515","111.4276","Gehacktes","sagen"
"516","111.4285","Mett","übersetzt"
"517","111.4290","Gehacktes","versteht"
"518","111.4298","Frage","stellen"
"519","113.4308","Stelle","Schnitt"
"520","113.4311","Schnitt","S1"
"521","115.4322","Antikorruptionsbeauftragten","vorhalten"
"522","117.4334","Reihe","ausgetauscht"
"523","117.4336","Argumenten","Reihe"
"524","117.4341","Thema","zum"
"525","119.4349","Wirtschaft","Wirtschaft"
"526","119.4352","Politik","Wirtschaft"
"527","123.4376","Thema","glaube"
"528","123.4383","Punkte","gemacht"
"529","123.4385","Sachen","gemacht"
"530","123.4386","Wirtschaft","Sachen"
"531","123.4400","Zeit","haben"
"532","123.4410","Lassen","weitermachen"
"533","123.4415","Thema","weitermachen"
"534","123.4419","Brötchen","Thema"
"535","123.4424","Thema","Thema"
"536","123.4426","Hack","Thema"
"537","123.4428","Brötchen","Hack"
"538","123.4434","Migration","Thema"
"539","123.4438","Thema","glaube"
"540","123.4447","Land","niemanden"
"541","123.4454","Moment","bewegt"
"542","123.4465","Wahlkämpfen","Wahlkämpfen"
"543","123.4469","Parteien","Thema"
"544","123.4471","Thema","Wahlkämpfen"
"545","123.4488","Lösungen","guckt"
"546","123.4494","Deutschen","tun"
"547","123.4497","Dingen","Deutschen"
"548","123.4501","Frage","Maßnahmen"
"549","123.4510","Maßnahmen","Maßnahmen"
"550","123.4516","Kommunen","schauen"
"551","123.4536","Migration","illegalen"
"552","123.4539","Stellschrauben","illegalen"
"553","125.4563","Migration","ist"
"554","125.4569","Migration","Riesenproblem"
"555","125.4572","Riesenproblem","Riesenproblem"
"556","125.4577","Zustand","Zustand"
"557","125.4593","Wahlkreis","Kindergärten"
"558","125.4594","Kindergärten","Kindergärten"
"559","125.4600","Plätze","erhalten"
"560","125.4606","Ausländer","reserviert"
"561","125.4614","Weg","Weg"
"562","125.4622","Thema","fahren"
"563","125.4624","Migration","Thema"
"564","125.4628","Strategie","fahren"
"565","125.4633","Migration","Migration"
"566","125.4642","Unterstützung","setzt"
"567","125.4645","Polizei","Unterstützung"
"568","125.4649","Justizbehörden","setzt"
"569","125.4653","Rückführungen","Rückführungen"
"570","125.4655","Abschieben","Rückführungen"
"571","125.4660","Begrenzung","Rückführungen"
"572","125.4662","Außengrenzenschutz","Begrenzung"
"573","125.4666","Migration","Außengrenzenschutz"
"574","125.4678","Prinzip","arbeitet"
"575","125.4689","Recht","hält"
"576","125.4691","Gesetz","Recht"
"577","125.4696","Recht","hält"
"578","125.4704","Leitkultur","hält"
"579","125.4732","Beispiele","nennen"
"580","125.4737","erste","Landrätin"
"581","125.4740","Landrätin","eingeführt"
"582","125.4745","erste","eingeführt"
"583","125.4749","Bezahlkarte","eingeführt"
"584","125.4762","Geld","Ausland"
"585","125.4766","Ausland","fließt"
"586","125.4776","Geld","eingewendet"
"587","125.4783","zweite","Landrat"
"588","125.4786","Landrat","durchgesetzt"
"589","125.4796","Arbeitsverpflichtung","stattfindet"
"590","125.4798","Gemeinschaftsunterkünften","stattfindet"
"591","125.4806","Geld","heißt"
"592","125.4816","Flüchtlinge","arbeiten"
"593","125.4822","Frage","Frage"
"594","125.4824","Gerechtigkeit","Frage"
"595","125.4836","Landrat","hat"
"596","125.4849","Haltung","bedeuten"
"597","125.4874","Bezahl","karte"
"598","125.4878","Arbeitsverpflichtung","nichts"
"599","125.4886","Backen","aufblasen"
"600","125.4889","Probleme","beschreiben"
"601","125.4895","Thema","lösen"
"602","129.4929","Grenzen","geöffnet"
"603","129.4939","Willkommenspolitik","ausgerufen"
"604","129.4948","Folgejahren","gekommen"
"605","129.4950","Millionen","Menschen"
"606","129.4951","Menschen","Folgejahren"
"607","129.4962","Gesamtkosten","belaufen"
"608","129.4964","Zuwanderung","Gesamtkosten"
"609","129.4968","Professor","belaufen"
"610","129.4972","Billionen","Professor"
"611","129.4979","Nachhaltigkeitslücke","Nachhaltigkeitslücke"
"612","129.4982","Schaden","verursacht"
"613","129.4988","Gewaltkriminalität","explodiert"
"614","129.4993","Einwanderung","explodiert"
"615","129.4996","Schaden","verursacht"
"616","131.5011","Sozialsysteme","stehen"
"617","131.5016","Kollaps","stehen"
"618","131.5026","%","funktioniert"
"619","133.5039","BürgergeldEmpfänger","S3"
"620","137.5061","Land","geführt"
"621","137.5064","Migrationspolitik","geführt"
"622","137.5067","Rande","geführt"
"623","137.5069","Kollaps","Rande"
"624","137.5078","Kind","geworfen"
"625","137.5081","Brunnen","geworfen"
"626","137.5088","Wasser","abzuschöpfen"
"627","137.5091","Symptompolitik","machen"
"628","137.5100","Mensch","glaubt"
"629","137.5111","erstes","angehen"
"630","137.5119","Botschaft","senden"
"631","137.5122","Welt","Botschaft"
"632","137.5128","Botschaft","glaube"
"633","137.5131","Welt","Botschaft"
"634","137.5137","Weltsozialamt","geschlossen"
"635","137.5150","Sozialleistungen","kriegt"
"636","137.5157","Sozialstaatsmagneten","stillstellen"
"637","137.5173","Mittel","glaube"
"638","137.5178","Migration","stoppen"
"639","137.5189","Grenzschutz","brauchen"
"640","137.5194","Remigrationsanreize","brauchen"
"641","139.5200","S5","S5"
"642","141.5221","Programm","Programm"
"643","141.5227","Jahre","dauert"
"644","141.5230","Schaden","immens"
"645","141.5237","Jahre","angerichtet"
"646","141.5244","Jahre","brauchen"
"647","141.5248","Schaden","reduzieren"
"648","141.5273","Gärtner","anbietet"
"649","141.5283","Bock","sagen"
"650","141.5287","Ganze","verbockt"
"651","143.5303","Dingen","gesprochen"
"652","143.5306","Migration","gesprochen"
"653","143.5310","Bundesland","geschrumpft"
"654","143.5315","Wende","geschrumpft"
"655","143.5320","Millionen","Einwohner"
"656","143.5321","Einwohner","geschrumpft"
"657","143.5325","Million","weniger"
"658","143.5326","Menschen","Million"
"659","143.5339","Fachkräfte","brauchen"
"660","143.5342","Ausland","Fachkräfte"
"661","143.5346","Fachkräftemangel","bewältigen"
"662","145.5371","Zahlen","bleiben"
"663","145.5378","Sand","Getriebe"
"664","145.5382","Getriebe","stellen"
"665","145.5394","Millionen","funktioniert"
"666","145.5402","Faktencheck","machen"
"667","145.5405","Millionen","gestellt"
"668","145.5407","Asylanträge","gestellt"
"669","145.5411","Millionen","Flüchtlinge"
"670","145.5412","Flüchtlinge","haben"
"671","145.5420","Topf","diejenigen"
"672","145.5424","Fachkräfte","kommen"
"673","145.5434","Europäer","anderem"
"674","145.5452","Wir","brauchen"
"675","145.5456","Wen","brauchen"
"676","145.5460","Fachkräfte","brauchen"
"677","145.5474","Leben","schaffen"
"678","145.5490","Land","Land"
"679","145.5504","Staat","wissen"
"680","145.5517","Migration","Migration"
"681","145.5521","zweite","Fachkräftegewinnung"
"682","145.5525","Fachkräftegewinnung","Fachkräftegewinnung"
"683","147.5549","Ausland","Braucht"
"684","149.5570","Millionen","Zuwanderer"
"685","149.5571","Zuwanderer","Zuwanderer"
"686","149.5577","Jahren","Zuwanderer"
"687","149.5584","Fachkräftemangel","reden"
"688","149.5594","Beleg","Beleg"
"689","149.5597","Totalversagen","Beleg"
"690","149.5598","Ihrer","Totalversagen"
"691","151.5608","Frage","Frage"
"692","157.5636","Brauchen","Brauchen"
"693","157.5639","Ausland","Brauchen"
"694","159.5655","Nachqualifikation","Nachqualifikation"
"695","159.5658","Leuten","Nachqualifikation"
"696","159.5666","Alterskohorte","Leute"
"697","159.5670","Jahre","junge"
"698","159.5672","Millionen","junge"
"699","159.5674","Leute","haben"
"700","159.5676","Berufsabschluss","Leute"
"701","159.5684","Fachkräften","ausbilden"
"702","159.5690","Zuwanderung","rufen"
"703","159.5693","Ausland","rufen"
"704","161.5703","Menschen","Menschen"
"705","163.5713","Sprechen","Sprechen"
"706","163.5717","Sprache","Sprechen"
"707","169.5745","Gründen","Gründen"
"708","169.5748","Fachkräfte","Fachkräfte"
"709","173.5777","Gesamtpaket","brauchen"
"710","173.5785","Familienoffensive","brauchen"
"711","173.5790","Kinderkriegen","fördern"
"712","173.5800","Katastrophensituation","verlassen"
"713","173.5807","Remigrationsinitiative","brauchen"
"714","173.5813","Deutschen","hochqualifizierte"
"715","173.5819","Deutschen","hochqualifizierte"
"716","173.5823","Leute","hochqualifizierte"
"717","173.5829","Abgaben","lernen"
"718","173.5831","Steuerlast","Abgaben"
"719","173.5835","Kinder","lernen"
"720","173.5839","Schulen","lernen"
"721","173.5847","Meinungsklima","ertragen"
"722","173.5859","Jahren","ausgewandert"
"723","173.5875","Fall","brauchen"
"724","173.5880","Überlegung","brauchen"
"725","173.5890","Fachkräfte","bleiben"
"726","173.5905","Problem","Problem"
"727","173.5915","Niedriglohnland","gemacht"
"728","173.5920","Menschen","kommen"
"729","173.5932","Lohngefüge","besser"
"730","173.5950","Menschen","machen"
"731","173.5954","Dingen","Menschen"
"732","177.6005","Fakt","einwerfen"
"733","177.6019","Situation","haben"
"734","177.6023","Arbeitsmarkt","am"
"735","177.6028","Fachkräfte","suchen"
"736","177.6038","%","verlassen"
"737","177.6040","Jugendlichen","%"
"738","177.6042","Schule","verlassen"
"739","177.6044","Abschluss","Schule"
"740","177.6055","Plan","haben"
"741","177.6066","Fachkräfte","helfen"
"742","177.6072","Beispiel","uns"
"743","177.6077","Bereich","zum"
"744","177.6083","Arzt","vierte"
"745","177.6087","Klinik","am"
"746","177.6089","Kliniken","Arzt"
"747","177.6095","Ausland","kommt"
"748","177.6100","Pass","hat"
"749","177.6111","Klinikum","liegen"
"750","177.6119","Knopf","drückt"
"751","177.6124","Politik","Wirklichkeit"
"752","177.6125","Wirklichkeit","drückt"
"753","177.6137","Knopf","drückt"
"754","177.6144","Realität","Realität"
"755","177.6148","Fachkräfte","brauchen"
"756","177.6156","Klarheit","braucht"
"757","177.6165","Fachkräfte","Klarheit"
"758","177.6167","Anwerbung","gelingt"
"759","177.6174","Offenheit","haben"
"760","177.6178","Weltoffenheit","ausmacht"
"761","177.6191","Unternehmensansiedlungen","gewinnen"
"762","177.6196","Fachkräfte","gewinnen"
"763","177.6201","Reichskanzler","Eröffnung"
"764","177.6206","Eröffnung","kommt"
"765","177.6216","sagen","sagen"
"766","177.6221","Problem","sagen"
"767","177.6224","Gift","Problem"
"768","177.6227","Land","Gift"
"769","177.6231","Heimat","Gift"
"770","179.6261","Ärzte","ausbilden"
"771","179.6269","Problemlage","ausbilden"
"772","179.6277","Mediziner","ausbilden"
"773","179.6281","Universitäten","ausbilden"
"774","179.6283","Steuerzahlerkosten","ausbilden"
"775","179.6292","Mediziner","gehen"
"776","179.6312","Problem","Problem"
"777","179.6315","Problem","Problem"
"778","179.6322","Fachkräfte","geworden"
"779","179.6331","Fachkräfte","Problem"
"780","179.6337","Bogen","machen"
"781","179.6351","Steuer","hoch"
"782","179.6353","Abgabenlast","Steuer"
"783","179.6360","Bürokratie","ausgewuchert"
"784","179.6365","Grenzen","ausgewuchert"
"785","179.6371","Land","Land"
"786","179.6373","Land","Land"
"787","179.6387","Meinungsfreiheit","eingegrenzt"
"788","181.6398","Land","schlecht"
"789","181.6405","Situation","Situation"
"790","183.6421","Luftblasen","produzieren"
"791","183.6438","Zustand","verantwortlich"
"792","183.6440","Landes","Zustand"
"793","189.6472","Leute","Leute"
"794","191.6483","Zustand","Zustand"
"795","191.6485","Landes","Zustand"
"796","195.6518","Wochen","gesorgt"
"797","195.6522","Diskussionen","gesorgt"
"798","195.6527","Proteste","gesorgt"
"799","195.6533","Remigration","aufgeworfen"
"800","195.6536","Frage","geht"
"801","195.6547","Begriff","verbinden"
"802","197.6564","Begriff","anfangen"
"803","197.6571","Herrn","Höckes"
"804","197.6594","%","verzichten"
"805","197.6607","Ausländer","meint"
"806","197.6611","Asylsuchende","meint"
"807","197.6616","Deutsche","Asylsuchende"
"808","197.6620","Deutsche","meint"
"809","197.6624","Pass","haben"
"810","197.6634","Remigration","Remigration"
"811","197.6643","%","jetzt"
"812","197.6656","Bevölkerung","1/4"
"813","197.6678","Stammbaum","zurückgegangen"
"814","197.6689","Bild","denn"
"815","197.6695","raus","Heißt"
"816","197.6702","Weise","ist"
"817","197.6704","Philosophie","Philosophie"
"818","197.6718","Vorstellung","Vorstellung"
"819","197.6745","Deportation","gesprochen"
"820","199.6760","Begriff","bedeutet"
"821","199.6761","Remigration","Begriff"
"822","201.6779","Abgleich","Abgleich"
"823","201.6781","Austausch","Abgleich"
"824","201.6797","Rede","angehört"
"825","201.6806","Passage","verstanden"
"826","201.6823","%","ging"
"827","201.6839","Bevölkerungsrückgang","ging"
"828","201.6843","Jahrzehnten","Bevölkerungsrückgang"
"829","201.6849","Größenordnung","verzeichnen"
"830","201.6864","Familienpolitik","Familienpolitik"
"831","201.6866","Altparteien","Familienpolitik"
"832","201.6881","Familienoffensive","brauchen"
"833","201.6884","Kinderkriegen","Geld"
"834","201.6891","Regierung","Geld"
"835","201.6897","Geld","scheitern"
"836","201.6907","%","bezogen"
"837","201.6914","Defizit","haben"
"838","201.6920","Versagen","haben"
"839","201.6922","Altparteien","Versagen"
"840","201.6933","Remigration","Alltagsbefund"
"841","201.6936","Alltagsbefund","gesagt"
"842","201.6939","Tag","remigrieren"
"843","201.6947","Menschen","migrieren"
"844","201.6951","Heimat","migrieren"
"845","201.6957","Vorgang","Vorgang"
"846","201.6965","Dingen","geht"
"847","201.6968","Hochqualifizierten","geht"
"848","205.6994","Dingen","geht"
"849","205.6998","Staatsangehörigen","geht"
"850","205.7004","Ausland","leben"
"851","207.7022","Definition","Definition"
"852","211.7052","Definition","Definition"
"853","211.7056","Millionen","Menschen"
"854","211.7057","Menschen","Definition"
"855","211.7066","Zunge","Definition"
"856","211.7076","Jahren","ausgewandert"
"857","211.7089","Land","zurückholen"
"858","213.7106","Abstand","Abstand"
"859","215.7116","Remigration","S5"
"860","227.7176","Mumm","zugetraut"
"861","227.7183","Thesen","stehen"
"862","227.7206","Buch","aufschreiben"
"863","227.7220","Seite","Seite"
"864","227.7224","Buch","Seite"
"865","227.7232","Volksteile","verlieren"
"866","227.7248","Faktor","geht"
"867","227.7255","Deutschen","geht"
"868","227.7263","Bild","passen"
"869","231.7295","Unterschiede","gibt"
"870","231.7299","Demokraten","unterscheiden"
"871","231.7304","Mann","AfD"
"872","231.7311","Kernbestandteil","Kernbestandteil"
"873","231.7314","Kernbestandteil","steht"
"874","231.7323","Mensch","wertschätze"
"875","231.7333","Merkmal","reduziere"
"876","231.7339","Hautfarbe","besteht"
"877","231.7344","Religion","besteht"
"878","231.7359","Würde","unantastbar"
"879","231.7361","Menschen","Würde"
"880","231.7369","Grundgesetz","steht"
"881","231.7372","drin","steht"
"882","231.7392","Kram","passen"
"883","231.7399","These","These"
"884","231.7412","Brillenträger","Brillenträger"
"885","231.7422","Müll","Brillenträger"
"886","231.7433","kämpfe","führen"
"887","233.7455","Halbsatz","zitieren"
"888","233.7458","Buch","zitieren"
"889","233.7468","Hauptsatz","aufschreiben"
"890","233.7482","Kopf","zitieren"
"891","233.7487","Passage","eingebettet"
"892","233.7493","Kontext","eingebettet"
"893","233.7500","Seite","lesen"
"894","233.7511","Buch","lesen"
"895","233.7522","Lektüre","empfehle"
"896","233.7532","Hintergrundinformation","bietet"
"897","233.7536","Passage","bezieht"
"898","233.7539","Volksteilen","Passage"
"899","233.7550","Dingen","bezieht"
"900","233.7561","Plakate","hertragen"
"901","233.7589","Deutschen","bezeichnen"
"902","233.7591","Köterrasse","Deutschen"
"903","239.7635","Pass","glaube"
"904","241.7659","Buch","ausgedrückt"
"905","241.7662","Passage","Buch"
"906","241.7666","Passage","ausgedrückt"
"907","241.7670","Lesen","Lesen"
"908","247.7714","Buch","sagen"
"909","247.7721","Tiefgang","hat"
"910","247.7727","Themenbezug","hat"
"911","247.7731","Remigration","zur"
"912","253.7761","Remigration","Remigration"
"913","255.7785","Allgemeinen","kommen"
"914","255.7792","Allgemeinen","das"
"915","255.7802","Buch","gelesen"
"916","255.7805","Auszügen","gelesen"
"917","255.7822","Beispiel","geschrieben"
"918","255.7824","Bezug","geschrieben"
"919","255.7831","Politikerin","geschrieben"
"920","255.7848","Sprache","jenseits"
"921","255.7852","Kultur","erkennen"
"922","255.7859","Bundestagsvizepräsidentin","verlassen"
"923","255.7867","Macht","kommen"
"924","257.7880","Buch","alt"
"925","257.7886","Jahre","alt"
"926","259.7909","Buchzitat","distanzieren"
"927","261.7938","Jahren","Passage"
"928","261.7941","Passage","voraussetzen"
"929","261.7943","Buches","Passage"
"930","265.7986","Frau","Özoguz"
"931","265.8000","Antwort","möchte"
"932","265.8003","Frage","möchte"
"933","265.8009","Frau","Özoguz"
"934","265.8021","Buch","geschrieben"
"935","265.8029","Frage","Frage"
"936","267.8040","Passage","machen"
"937","271.8085","Moderationskarte","stehen"
"938","275.8115","Originaltext","nachschlagen"
"939","275.8123","Position","klar"
"940","279.8159","Frage","Frage"
"941","283.8184","Frau","Özoguz"
"942","283.8196","Frage","Frage"
"943","283.8204","Antwort","hätte"
"944","287.8225","Zitat","mehr"
"945","293.8261","Korrekt","Korrekt"
"946","299.8302","Zitat","S5"
"947","299.8308","Zitat","Zitat"
"948","303.8334","Kontext","ist"
"949","303.8336","Zitat","steht"
"950","305.8357","Antwort","verweigern"
"951","305.8360","Frage","verweigern"
"952","309.8384","Kontext","steht"
"953","309.8386","Zitat","steht"
"954","309.8400","Antwort","Antwort"
"955","309.8403","Frau","heißt"
"956","313.8426","Bundestagsvizepräsidentin","S2"
"957","317.8446","Politiker","kennen"
"958","317.8450","Republik","kennen"
"959","321.8476","Sprache","erkennen"
"960","321.8480","Kultur","erkennen"
"961","325.8504","Dame","glaube"
"962","325.8511","Schirm","glaube"
"963","325.8521","Male","abfällig"
"964","325.8526","Kultur","geäußert"
"965","325.8535","vielleicht","Hintergrund"
"966","325.8537","Hintergrund","Hintergrund"
"967","327.8550","Bewertung","liegt"
"968","329.8584","Remigrationsplänen","fragen"
"969","329.8589","Variante","zurückkommen"
"970","329.8632","Buch","erwähnt"
"971","329.8635","Mal","erwähnt"
"972","329.8649","Migrationshintergrund","hat"
"973","329.8657","Jahren","Pass"
"974","329.8660","Pass","hat"
"975","329.8662","Staatsangehörigkeit","hat"
"976","329.8666","Hause","hat"
"977","329.8669","Musik","Hause"
"978","329.8672","Essen","genießt"
"979","329.8677","bleiben","bleiben"
"980","331.8710","Illegalen","die"
"981","331.8714","Lande","versuchen"
"982","331.8724","Anreizen","Anreizen"
"983","331.8730","Anreizen","natürlich"
"984","333.8743","Sozialstaats","S5"
"985","335.8751","Anreizen","bewegen"
"986","337.8769","Rechtsstaat","absurd"
"987","341.8793","Parteitag","Parteitag"
"988","343.8808","Abschiebungen","forcieren"
"989","343.8816","Position","Position"
"990","345.8825","Leuten","Pass"
"991","345.8828","Pass","S5"
"992","347.8840","Wort","verdrehen"
"993","347.8844","Mund","im"
"994","351.8888","Parteikollegen","sprechen"
"995","351.8891","Remigration","sprechen"
"996","351.8897","Kenntnisstand","liegt"
"997","351.8900","Gesamtzahl","liegt"
"998","351.8902","Ausländer","Gesamtzahl"
"999","351.8905","Aufenthaltstitel","liegt"
"1000","351.8914","Millionen","kommen"
"1001","353.8930","Millionenfache","Faktum"
"1002","353.8934","Faktum","Faktum"
"1003","353.8937","Jahre","Faktum"
"1004","353.8943","Ganze","Jahresverlauf"
"1005","353.8947","Jahresverlauf","im"
"1006","353.8953","Jahre","heißt"
"1007","353.8961","Zulauf","haben"
"1008","353.8964","Zuwanderung","Zulauf"
"1009","353.8967","Abwanderung","Zulauf"
"1010","353.8971","Menschen","Abwanderung"
"1011","353.8975","Jahr",","
"1012","353.8996","Wort","kontaminieren"
"1013","353.8998","Remigration","Wort"
"1014","353.9002","Remigration","Begriff"
"1015","353.9006","Begriff","kontaminieren"
"1016","353.9009","Wissens","gibt"
"1017","353.9015","Städten","gibt"
"1018","353.9017","Remigrationsbeauftragte","gibt"
"1019","353.9022","Menschen","helfen"
"1020","353.9026","Heimat","zurückzukehren"
"1021","353.9032","Leben","aufzubauen"
"1022","353.9038","Problem","Problem"
"1023","353.9044","Staat","haben"
"1024","353.9049","Rechtsstaat","Staat"
"1025","353.9054","Möglichkeit","haben"
"1026","353.9058","Lebende","abzuschieben"
"1027","357.9082","Moment","Moment"
"1028","365.9121","Bundesländer","bitte"
"1029","365.9128","Umfang","abgeschoben"
"1030","365.9132","Kollege","Vogt"
"1031","365.9150","Ministerpräsidenten","haben"
"1032","367.9166","Gucken","Gucken"
"1033","367.9173","Landrat","Ihrem"
"1034","371.9208","Wortschwallen","finde"
"1035","371.9211","Rumgeeiere","Wortschwallen"
"1036","371.9227","Mumm","haben"
"1037","371.9232","Thesen","stehen"
"1038","371.9246","Parteitagen","als"
"1039","371.9259","Konsequenz","stehen"
"1040","371.9269","Leute","wollen"
"1041","371.9275","Kram","passen"
"1042","371.9281","Pass","haben"
"1043","371.9289","Passage","angehört"
"1044","371.9297","Da","geht"
"1045","371.9302","Thema","doppelte"
"1046","371.9304","Staatsbürgerschaft","doppelte"
"1047","371.9315","Pass","haben"
"1048","371.9332","%","raus"
"1049","373.9353","Thema","S5"
"1050","373.9356","Doppelpass","Doppelpass"
"1051","377.9378","Entschuldigen","Sie"
"1052","379.9391","Remigration","geredet"
"1053","379.9396","%","geredet"
"1054","379.9408","Nazischloss","diskutieren"
"1055","379.9424","Gefährlichkeit","Gefährlichkeit"
"1056","379.9445","Asylsuchende","geht"
"1057","379.9449","Leute","geht"
"1058","379.9467","Leute","abgeschoben"
"1059","379.9475","Kram","passen"
"1060","379.9496","Kern","ich"
"1061","379.9498","Verwerfliche","Kern"
"1062","379.9503","Haltungen","haben"
"1063","379.9506","Wirtschaftspolitik","haben"
"1064","379.9515","Sozialpolitik","könnten"
"1065","379.9517","Haltungen","haben"
"1066","379.9532","Parteitagen","äußern"
"1067","381.9545","Lippe","riskieren"
"1068","383.9554","Partei","dafür"
"1069","383.9563","Migrationskrise","hineingegangen"
"1070","389.9593","Land","erlebt"
"1071","395.9631","Punkt","Punkt"
"1072","395.9638","Leute","gekommen"
"1073","403.9683","Jahren","verdreifacht"
"1074","403.9698","Fakten","bleiben"
"1075","407.9720","War","War"
"1076","407.9731","Zahlen","Gucken"
"1077","407.9744","Kanzlerin","CDU"
"1078","407.9749","Schaden","angerichtet"
"1079","407.9757","Migrationspolitik","lösen"
"1080","407.9761","Stück","Seife"
"1081","407.9762","Seife","lösen"
"1082","409.9773","Wasser","S5"
"1083","421.9836","Schnitt","S5"
"1084","423.9849","Zeit","bleiben"
"1085","423.9858","Thema","machen"
"1086","423.9867","Tag","diskutieren"
"1087","423.9877","Jahrestag","11"
"1088","423.9879","Befreiung","Jahrestag"
"1089","423.9881","Konzentrationslager","Befreiung"
"1090","423.9890","Frage","beide"
"1091","423.9895","Bedeutung","persönlich"
"1092","423.9898","Gedenktag","persönlich"
"1093","425.9921","Dorf","Dorf"
"1094","425.9928","Kilometer","Luftlinie"
"1095","425.9929","Luftlinie","Dorf"
"1096","425.9935","Ferne","sehen"
"1097","425.9939","Glockenturm","sehen"
"1098","425.9948","Kind","vorbeigefahren"
"1099","425.9951","Schulbus","vorbeigefahren"
"1100","425.9953","Tag","Schulbus"
"1101","425.9957","Tag","Tag"
"1102","425.9969","Gedenkfeier","anwesend"
"1103","425.9975","Gedenkfeier","anwesend"
"1104","425.9985","Hausverbot","hat"
"1105","425.10000","Hausverbot","KZ"
"1106","425.10004","darf","werden"
"1107","425.10016","Tag","Tag"
"1108","427.10036","Frage","Frage"
"1109","427.10038","Bedeutung","Frage"
"1110","429.10048","Tage","Hat"
"1111","431.10067","Demokratieverständnis","haben"
"1112","435.10090","Warten","Warten"
"1113","439.10122","Frage","kommen"
"1114","441.10139","Antwort","wirkt"
"1115","441.10149","Frage","Frage"
"1116","443.10160","Vorfeld","gehört"
"1117","443.10163","Passen","Sie"
"1118","445.10177","Frage","bedeutet"
"1119","445.10188","Gedenktag","Sie"
"1120","445.10197","Frage","Frage"
"1121","447.10210","Erinnerungstag","Erinnerungstag"
"1122","447.10220","Kollegen","Buchenwald"
"1123","447.10223","Landtagsfraktion","Kollegen"
"1124","447.10225","Gedenktag","Buchenwald"
"1125","447.10239","Jahren","haben"
"1126","447.10240","Hausverbot","haben"
"1127","447.10245","Partei","gelassen"
"1128","447.10250","%","gewählt"
"1129","447.10262","Tür","gelassen"
"1130","447.10273","Zustand","Zustand"
"1131","449.10288","Herr","hat"
"1132","449.10306","Gründe","hat"
"1133","449.10322","Holocaustmahnmal","gesprochen"
"1134","449.10324","Denkmal","gesprochen"
"1135","449.10326","Schande","Denkmal"
"1136","449.10332","Grad","gefordert"
"1137","449.10333","Wende","gefordert"
"1138","449.10336","Halten","Sie"
"1139","449.10340","Gedenkstätte","denn"
"1140","449.10346","Denkmal","denn"
"1141","449.10348","Schande","Denkmal"
"1142","451.10362","Ausdruck","verwendet"
"1143","451.10388","Jahren","frage"
"1144","451.10392","Rede","glaube"
"1145","451.10406","Jahre","glaube"
"1146","457.10463","Journalisten","missverstanden"
"1147","457.10470","Schande","Schande"
"1148","457.10481","Zivilisationsbruch","Zivilisationsbruch"
"1149","457.10494","Grad","Ja"
"1150","457.10495","Wende","Grad"
"1151","457.10498","Gedenkpolitik","Wende"
"1152","457.10520","Punkt","ging"
"1153","457.10527","Weg","Weg"
"1154","457.10533","Länder","Weg"
"1155","457.10535","Welt","Länder"
"1156","457.10546","Deutsche","haben"
"1157","457.10548","Zukunft","haben"
"1158","457.10556","Zukunft","erhalten"
"1159","457.10564","Identität","aufbauen"
"1160","457.10570","Identität","gewinnen"
"1161","457.10574","Zukunft","gewinnen"
"1162","457.10587","Partei","überzeugt"
"1163","457.10597","Lichtseiten","rücken"
"1164","457.10600","Geschichte","Lichtseiten"
"1165","457.10603","Mittelpunkt","rücken"
"1166","457.10605","Erinnerungspolitik","Mittelpunkt"
"1167","457.10616","Schattenseiten","lassen"
"1168","457.10619","Schrecken","Schattenseiten"
"1169","457.10621","Nazizeit","Schrecken"
"1170","457.10634","Erinnerung","behalten"
"1171","457.10650","Positive","gestellt"
"1172","457.10654","Mittelpunkt","gestellt"
"1173","457.10663","Patriotismus","haben"
"1174","457.10669","Identität","fußt"
"1175","457.10675","Deutsche","haben"
"1176","457.10677","Zukunft","haben"
"1177","461.10707","Patriotismus","Gedenkkultur"
"1178","461.10710","Gedenkkultur","schließt"
"1179","461.10716","Gegensatz","verstehe"
"1180","463.10738","Gedenkkultur","gesprochen"
"1181","463.10748","Länder","haben"
"1182","463.10751","Gedenkkultur","haben"
"1183","465.10761","Länder","S1"
"1184","465.10766","Millionen","Juden"
"1185","465.10767","Juden","ermordet"
"1186","467.10784","Diskussion","Gut"
"1187","469.10797","Politiker","Politiker"
"1188","471.10820","Erinnerungspolitik","sprechen"
"1189","473.10841","Erinnerungskultur","Erinnerungskultur"
"1190","473.10845","Gedenkkultur","Erinnerungskultur"
"1191","473.10851","Linie","fußt"
"1192","473.10859","Wohltäter",","
"1193","473.10866","Menschen",","
"1194","473.10870","Volkes","Menschen"
"1195","473.10874","Menschheit","Ganzen"
"1196","473.10879","Ganzen","vorangebracht"
"1197","473.10890","Zentrum","stehen"
"1198","473.10892","Erinnerung","Zentrum"
"1199","473.10902","Schlechte","Schreckliche"
"1200","473.10906","Schlimme","Schreckliche"
"1201","473.10910","Schreckliche","heißt"
"1202","473.10930","Positive","gestellt"
"1203","473.10934","Mittelpunkt","gestellt"
"1204","473.10952","Identität","ausprägen"
"1205","473.10960","Gefühl","hat"
"1206","473.10963","Deutschen","Gefühl"
"1207","473.10975","Unreinen","sind"
"1208","473.10982","Überzeugung","Überzeugung"
"1209","473.10986","Deutschen","befreunden"
"1210","473.11009","Gefühl","brauchen"
"1211","477.11042","Worten","Sie"
"1212","479.11060","Heimat","Thüringer"
"1213","479.11068","Land","So"
"1214","479.11070","Dichter","Land"
"1215","479.11072","Denker","Dichter"
"1216","479.11085","Dinge","Goethe"
"1217","479.11098","Sprache","geschehen"
"1218","479.11105","Bibelübersetzung","geschehen"
"1219","479.11114","Identität","Identität"
"1220","479.11130","Sommer","darauf"
"1221","479.11138","Nationalmannschaft","holt"
"1222","479.11140","Titel","holt"
"1223","479.11142","Hause","holt"
"1224","479.11149","Patriotismus","Patriotismus"
"1225","479.11158","Land","liebe"
"1226","479.11185","Gründe","hat"
"1227","479.11194","Zitat","rausgesucht"
"1228","479.11215","Satz","gesagt"
"1229","479.11219","Problem","in"
"1230","479.11236","Worte","Worte"
"1231","479.11250","Ort","haben"
"1232","479.11254","Leute","ermordet"
"1233","479.11260","Zutritt","haben"
"1234","479.11273","Bild","haben"
"1235","479.11284","Patriotismus","haben"
"1236","479.11290","Bild","haben"
"1237","479.11293","Land","haben"
"1238","479.11300","Idee","haben"
"1239","479.11303","Jeder","willkommen"
"1240","479.11311","Bild","zeichnen"
"1241","479.11323","Angst","verstreuen"
"1242","479.11325","Gift","Angst"
"1243","479.11331","Menschen","ärgert"
"1244","479.11342","lebhaft","glaube"
"1245","479.11349","Wochenende","essen"
"1246","479.11351","Bratwurst","essen"
"1247","479.11355","Bier","trinken"
"1248","479.11361","Rennsteiglied","singen"
"1249","479.11370","Leute","wollen"
"1250","479.11380","Ausführungen","wollen"
"1251","479.11386","Ende","Nirgendwo"
"1252","483.11424","Kollege","bleiben"
"1253","483.11440","Mensch","unterstellen"
"1254","483.11446","Hass","Hass"
"1255","483.11448","Gefühl","Hass"
"1256","483.11458","Jahre","Lehrer"
"1257","483.11459","Lehrer","Lehrer"
"1258","483.11464","Jahre","Vertrauenslehrer"
"1259","483.11465","Vertrauenslehrer","Vertrauenslehrer"
"1260","483.11467","Vertrauenslehrer","haben"
"1261","483.11476","Herz","haben"
"1262","483.11483","Empathiefähigkeit","haben"
"1263","483.11489","Kinder","erzogen"
"1264","483.11491","Liebe","erzogen"
"1265","483.11496","Menschen","geworden"
"1266","489.11539","Empathiefähigkeit","Stichwort"
"1267","489.11543","Stichwort","Stichwort"
"1268","489.11551","Holocaust","haben"
"1269","489.11554","Holocaust",","
"1270","489.11556","Schande","Holocaust"
"1271","489.11571","Reden","verwenden"
"1272","491.11605","Menschen","haben"
"1273","491.11609","fordern","again"
"1274","491.11626","Deutschen","bezeichnen"
"1275","491.11628","Köterrasse","Deutschen"
"1276","491.11641","Politiker","Wahlkampfrede"
"1277","491.11645","Rahmen","das"
"1278","491.11647","Wahlkampfrede","Rahmen"
"1279","491.11660","Parteifreunden","glaube"
"1280","491.11663","Wahlkampf","Parteifreunden"
"1281","493.11676","Form","Wahlkampf"
"1282","493.11679","Wahlkampf","haben"
"1283","495.11688","Wahlkampfmotto","lautete"
"1284","495.11693","Heimat","Alles"
"1285","495.11698","Rede","frei"
"1286","495.11702","Ende","am"
"1287","495.11705","Rede","Ende"
"1288","495.11718","Deutsche","übertragen"
"1289","495.11725","Heimat","Alles"
"1290","495.11728","Wahlkampfmotto","Wahlkampfmotto"
"1291","495.11749","Nennung","einbringen"
"1292","495.11751","Wortes","Nennung"
"1293","495.11759","Prozess","einbringen"
"1294","507.11877","Verlaub","S5"
"1295","509.11885","Wussten","Wussten"
"1296","509.11901","Rede","gehalten"
"1297","511.11923","Zweite","Ludwig"
"1298","511.11932","Parole","benutzt"
"1299","511.11940","Parole","gemacht"
"1300","511.11941","Werbung","gemacht"
"1301","511.11945","Parole","stand"
"1302","511.11951","Jahren","stand"
"1303","511.11953","Inschrift","stand"
"1304","511.11956","Feuerwehrhaus","stand"
"1305","511.11970","Allerweltsatz","Allerweltsatz"
"1306","515.11990","Welt","0:48:30.1"
"1307","519.12009","Losung","Losung"
"1308","519.12016","Geschichtslehrer","Geschichtslehrer"
"1309","521.12028","Gewerkschaften","Gewerkschaften"
"1310","521.12030","Zentrumsgewerkschaften","hatten"
"1311","521.12033","Parole","hatten"
"1312","521.12035","Losung","hatten"
"1313","525.12057","Kontext","Kontext"
"1314","527.12075","Alleinvertretungsanspruch","hat"
"1315","531.12096","Losung","sind"
"1316","531.12105","Geschichtslehrer","Geschichtslehrer"
"1317","535.12126","Mensch","weiß"
"1318","535.12133","Allerweltsspruch","weiß"
"1319","535.12138","Nacht","hatte"
"1320","535.12151","Prozess","gemacht"
"1321","535.12159","Zuschriften","gekriegt"
"1322","535.12162","Menschen","gekriegt"
"1323","535.12182","Höcke","gesagt"
"1324","535.12184","Björn","Höcke"
"1325","535.12194","Losung","verboten"
"1326","535.12197","Allerweltsfloskel","verboten"
"1327","535.12208","Aber","Aber"
"1328","539.12236","Strafrecht","verboten"
"1329","541.12257","Strafgesetzbuches","86"
"1330","541.12270","Veranstaltung","verwendet"
"1331","547.12326","Sachverhalt","unterkomplex"
"1332","547.12336","Wahlkampfrede","Alles"
"1333","547.12339","Dreiklang","Alles"
"1334","547.12343","Heimat","Alles"
"1335","547.12369","Rede","Absurdität"
"1336","547.12373","Absurdität","habe"
"1337","547.12383","Schäbige","Böse"
"1338","547.12385","Ehrverletzende","Böse"
"1339","547.12393","Patriot","fordert"
"1340","547.12397","Lage","Patriot"
"1341","547.12402","Land","ist"
"1342","547.12410","Land","geben"
"1343","547.12423","Gericht","steht"
"1344","547.12432","Losung","durchdekliniert"
"1345","547.12434","Abschluss","durchdekliniert"
"1346","547.12436","Abschlusskundgebung","Abschluss"
"1347","547.12448","Publikum","einige"
"1348","547.12452","Wort","Deutschland"
"1349","547.12454","So","sagten"
"1350","547.12467","Losung","tun"
"1351","553.12500","Recht","Recht"
"1352","555.12525","Gesetze","gucken"
"1353","555.12530","Recht","hat"
"1354","555.12556","Öffentlichkeit","erklären"
"1355","555.12567","Wirkmöglichkeit","reduziert"
"1356","555.12569","Oppositionspolitiker","reduziert"
"1357","555.12578","Stelle","sagen"
"1358","555.12582","Strafrecht","sagen"
"1359","555.12589","Augenblick","haben"
"1360","555.12598","Einschränkung","benutzt"
"1361","555.12600","Meinungsfreiheit","Einschränkung"
"1362","555.12604","Opposition","gemacht"
"1363","555.12612","Opposition","Schutz"
"1364","555.12618","Schutz","gemacht"
"1365","555.12621","Demokratie","Schutz"
"1366","557.12629","Empfinden","Empfinden"
"1367","557.12638","Opposition","Recht"
"1368","557.12641","Recht","Empfinden"
"1369","557.12643","Gesetz","Recht"
"1370","557.12652","Form","eingeschränkt"
"1371","559.12665","Rechtsstaat","leben"
"1372","559.12668","Menschen","haben"
"1373","559.12671","Eindruck","haben"
"1374","559.12690","Meinungsäußerungen","kämpfen"
"1375","559.12709","Opfer","generieren"
"1376","559.12722","Positionen","erläutern"
"1377","559.12731","Souveränität","zeigen"
"1378","559.12735","Rechtsstaat","bedeutet"
"1379","559.12749","Unrecht","fühlt"
"1380","559.12759","Verfassungsschutz","beobachtet"
"1381","559.12766","Demokratie","beobachtet"
"1382","559.12784","Namen","geurteilt"
"1383","559.12787","Volkes","Namen"
"1384","559.12795","Titulierung","zeigt"
"1385","559.12804","System","sind"
"1386","559.12824","Wie","überlegen"
"1387","559.12826","Länder","Wie"
"1388","559.12829","Welt","Wie"
"1389","559.12841","Leute","gewünscht"
"1390","559.12853","Rechtssystem","hätten"
"1391","559.12861","sagen","sagen"
"1392","559.12865","Partei","sagen"
"1393","559.12867","Rechtsstaates","Partei"
"1394","559.12869","Recht","Rechtsstaates"
"1395","559.12871","Ordnung","Partei"
"1396","559.12883","Verfahren","gehen"
"1397","559.12889","Gericht","behandeln"
"1398","559.12896","Argumente","vortragen"
"1399","563.12929","Rechtsstaatlichkeit","freuen"
"1400","565.12955","Tat","läuft"
"1401","567.12984","Thema","Thema"
"1402","567.12986","%","Thema"
"1403","569.12995","%","S3"
"1404","569.12997","Deutschen","%"
"1405","571.13012","Meinung","äußern"
"1406","573.13032","Auffassung","dran"
"1407","575.13041","S5","S5"
"1408","577.13057","Parole","Parole"
"1409","579.13063","S5","S5"
"1410","579.13067","Zentrumsparole","kommt"
"1411","581.13078","Kontext","Kontext"
"1412","583.13089","Woche","zeigen"
"1413","585.13099","%","sagen"
"1414","585.13101","Deutschen","%"
"1415","585.13106","Meinungsfreiheit","gegeben"
"1416","585.13115","Meinungsfreiheit","Demokratie"
"1417","585.13117","Demokratie","Demokratie"
"1418","587.13133","Ihre","Ihre"
"1419","589.13141","Meinung","Meinung"
"1420","593.13157","Recht","gedacht"
"1421","593.13160","Demokratie","Recht"
"1422","593.13162","Meinungsfreiheit","Demokratie"
"1423","593.13164","Demokratie","gedacht"
"1424","595.13180","Studio","stehen"
"1425","597.13191","Meinung","äußern"
"1426","597.13195","Herr","Höcke"
"1427","601.13220","Wort","habe"
"1428","603.13234","Zeit","Zeit"
"1429","605.13250","Punkt","machen"
"1430","605.13257","Rechtsstaat","leben"
"1431","605.13262","Woche","stehen"
"1432","605.13264","Halle","stehen"
"1433","605.13266","Gericht","Halle"
"1434","605.13274","Richter","entscheiden"
"1435","605.13281","Äußerung","wird"
"1436","607.13300","Punkt","geht"
"1437","607.13320","siebte","geht"
"1438","607.13326","Überfall","geht"
"1439","607.13328","Terroristen","Überfall"
"1440","607.13333","Kibbuzim","geht"
"1441","607.13336","Gazastreifens","Kibbuzim"
"1442","607.13343","Kontext","Kontext"
"1443","607.13346","Menschen","Kontext"
"1444","607.13357","Datum","zeigt"
"1445","607.13359","zehnte","Datum"
"1446","607.13374","Straßen","ausgerechnet"
"1447","607.13377","Antisemitismus","ausgerechnet"
"1448","607.13381","Dämme","gebrochen"
"1449","607.13403","Geschichte","entgegensetzen"
"1450","609.13427","Flaggen","zeigen"
"1451","609.13448","Bleibestatus","sagen"
"1452","609.13453","Aufenthaltsrecht","wenn"
"1453","609.13457","Aufenthaltsrecht","haben"
"1454","609.13467","Punkt","finde"
"1455","609.13468","Nummer","finde"
"1456","609.13485","Gründungsmitglied","Gründungsmitglied"
"1457","609.13492","Freundeskreises","Landtag"
"1458","609.13500","Anliegen","Anliegen"
"1459","609.13506","Grund","sage"
"1460","609.13520","Selbstverteidigungsrecht","Staatsräson"
"1461","609.13522","Staates","Selbstverteidigungsrecht"
"1462","609.13526","Staatsräson","klarstellen"
"1463","609.13531","Kernbestandteil","Kernbestandteil"
"1464","609.13536","Überzeugung","Kernbestandteil"
"1465","609.13541","Christ","Christ"
"1466","609.13548","Glaube","Glaube"
"1467","609.13552","Glaube","verbunden"
"1468","609.13569","Auge","halten"
"1469","609.13579","Härte","vorgehen"
"1470","609.13587","Thema","illegale"
"1471","609.13589","Einwanderung","wichtig"
"1472","609.13598","Null","Toleranz"
"1473","609.13611","Zweite","verwoben"
"1474","609.13620","Aufklärung","betreiben"
"1475","609.13633","Reflexionsfähigkeit","verwoben"
"1476","609.13639","Offenheit","verwoben"
"1477","609.13644","Deutsche","Offenheit"
"1478","616.13653","Fehler","Fehler"
"1479","616.13656","Schalterargument","Schalterargument"
