,x,
1,Annette von Droste-Hülshoff  Illustrator,
2,Max Unold  Release,
3,Peter Becker,
4,Martin Oswald,
5,Peter Becker,
6,Martin Oswald,
7,Annette von Droste-Hülshoff                    Die Judenbuche,
8,Max Unold,
9,Leipzig     Druck der,
10,Stein   Mag,
11,Stein,
12,Reise,
13,Einwohner von Recht,Einwohner
14,Gewohnheit,
15,Flaschenhals von Zeit,
16,Mergel Reue,Mergel
17,Der Erfolg,
18,Der Vater,Vater
19,Vater,Vater
20,Der Wind,
21,Der Rosenkranz,
22,Der Bruder,Bruder
23,Mark,
24,Gottes von Werl.,
25,Aaron,Aaron
26,Aaron Geld,Aaron
27,Mann,Mann
28,Zurücksetzung,
29,Besuch,
30,Simon Semmler,Simon Semmler
31,Hecht,Hecht
32,Wege,
33,Simon,Simon
34,Simon,Simon
35,Simon,Simon
36,Simon,Simon
37,Simon,Simon
38,Simon,Simon
39,Simon,Simon
40,Zweig von,
41,Simon,Simon
42,Simon,Simon
43,Margret,Margret
44,Simon,Simon
45,Simon,Simon
46,Simon,Simon
47,Der Knabe,Der Knabe
48,Holz da,
49,Simon,Simon
50,Der Knabe,Der Knabe
51,Simon,Simon
52,Der Mond,Der Mond
53,Simon,Simon
54,Simon,Simon
55,Simon,Simon
56,Satan,Satan
57,Wohnungen von Ziegelsteinen,
58,Der Schein,
59,Ansehen von Magerkeit,
60,Der Knabe,Der Knabe
61,Das Kind,Das Kind
62,Gruß von Meister Semmler,Meister Semmler
63,Der Knabe,Der Knabe
64,Auge,
65,Der Ruf,
66,Simon Schweinehirt,Simon Schweinehirt
67,Der Ohm,Der Ohm
68,Weste von Drillich,
69,Der Knabe,Der Knabe
70,Ohm Simon,Ohm Simon
71,Simon,Simon
72,Simon,Simon
73,Ohm Simon,Ohm Simon
74,Simon,Simon
75,Bruder Simon,Bruder Simon
76,Simon,Simon
77,Der Knabe,Der Knabe
78,Art Hochachtung,
79,Friedrich,Friedrich
80,Moos,
81,Bande von Holzfrevlern,Holzfrevlern
82,Haufen von Topholz,
83,Der Schaden,
84,Stein,
85,Der Knabe,Der Knabe
86,Wut,
87,Der Förster,Der Förster
88,Schritte,
89,Förster,Förster
90,Teller,
91,Der Amtsschreiber,Amtsschreiber
92,Amtsschreiber,Amtsschreiber
93,Weile,
94,Jahreszeit,
95,Blick,
96,Stirn,
97,Der Förster,Der Förster
98,Weges von der Schlucht,
99,Der Gerichtsschreiber,Der Gerichtsschreiber
100,Der Gerichtsschreiber,Der Gerichtsschreiber
101,Sims,
102,Simon,Simon
103,Türpfosten da,
104,Simon,Simon
105,Der Eindruck,
106,Simon,Simon
107,Herbst von 1760,
108,Wein,
109,Saiten von Dilettanten,Dilettanten
110,Gäste von Schweiß,Gäste
111,Schützling,Schützling
112,Der,
113,Hecht,Hecht
114,Franz Ebel,Franz Ebel
115,Jude Aaron,Jude Aaron
116,Braut,Braut
117,Jude Aaron,Jude Aaron
118,Betrag,
119,Herr von S.,Herr von S.
120,Herr von S.,Herr von S.
121,Der Gutsherr,Der Gutsherr
122,Herr von S.,Herr von S.
123,Frau von,Frau
124,Mann,Mann
125,Jude Aaron,Jude Aaron
126,Aaron,Aaron
127,Aaron,Aaron
128,Der Anklage,
129,Herr von,Herr
130,Gespenstergeschichte,
131,Schrei,
132,Herr von S.,Herr von S.
133,Der Gutsherr,Der Gutsherr
134,Herr von S.,Herr von S.
135,Der Gutsherr,Der Gutsherr
136,Der Inhalt,
137,Mann,Mann
138,Herr von S.,Herr von S.
139,Schriften,
140,Herr von S.,Herr von S.
141,Lebenszeichen,
142,Herr von,Herr
143,Sie,Sie
144,Teufel von Delinquenten,Delinquenten
145,Turm von Heerse,
146,Zimmer,
147,Das Haus der Witwe,Witwe
148,Der Gegenstand,
149,Ihro Gnaden,Ihro Gnaden
150,Wald,
151,Der Handel,
152,Simon,Simon
153,Kapp,Kapp
154,Ein Mitglied der Schlemmingschen Bande,Ein Mitglied der Schlemmingschen Bande
155,Aaron,Aaron
156,Hund,Hund
157,Esel,Esel
158,Der Amtsschreiber,Der Amtsschreiber
159,Von,
160,Der,
161,Der Mann,Der Mann
162,Mann,Mann
163,Haus,
164,Der Heimgekehrte,
165,Mann,Mann
166,Erinnerungen,
167,Fleck von Mergels Namen,Mergels
168,Simon,Simon
169,Simon,Simon
170,Von,
171,Frau von,Frau
172,Von da,
173,Der Baron,Der Baron
174,Holland,
175,Kaufmann,Kaufmann
176,Der Gutsherr,Der Gutsherr
177,Herr von S.,Herr von S.
178,Herr von S.,Herr von S.
179,Herr von S.,Herr von S.
180,Frau von S.,Frau von S.
181,Frau von S.,Frau von S.
182,Ernst,Ernst
183,Herr von,Herr
184,Stein,
185,Ein Kind,Ein Kind
186,Frau von S.,Frau von S.
187,Der Baron,Der Baron
188,Der Gutsherr,Der Gutsherr
189,Andenken von Mergel«,Mergel
190,Vogel,Vogel
191,Herr von,Herr
192,Annette von Droste-Hülshoff,