noun,mineral
Stein,0
Gestaltungsgeist,0
Haus,0
Hinweis,0
Auge,0
Manier,0
Brüste,0
Attribute,0
Geschlecht,0
Unterzweig,0
Fremdkörper,0
Metallspan,0
Fahn,0
Feder|Federn,0
Finger,0
Insektenflügel,0
Garten,0
Schncestern,0
Thema,0
Sandrose,0
Geschichte,0
Hämatitkristall,0
Fotografie,0
Buch,0
Form,0
Ellipse,0
Krust,0
Gedicht,0
Kanal,0
Segment,0
Unterbringung,0
Glanz,0
Blei,0
Bild,0
Macht,0
Zufluchtsort,0
Emulsion,0
Dauer,0
Taumellolch,0
Kunterbunt,0
Pflanze,0
Agronomen,0
Silbe,0
Scheitelpunkt,0
Seite,0
Werk,0
Vergleich,0
Linie,0
Zeichen,0
strenge,0
Dreieck,0
Turmalin,0
Transparenz,0
Richtung,0
Raum,0
Felderung,0
Leere,0
Mensch,0
Mandeln,0
Wüste,0
auf,0
Weis,0
raumbild,0
Annäherung,0
Verlauf,0
Uberlegung,0
Kristall,0
Abschluß,0
Mineral,0
Erscheinungsbild,0
SträuBen,0
Impuls,0
Wiederkehr,0
Durchsichtigkeit,0
Fläche,0
Gunst,0
Mineralisierung,0
Wortschatz,0
Wort,0
Figur,0
Eigenschaft,0
Grundsatz,0
Stadt,0
Weiß,0
über,0
Verkieselung,0
Zelle,0
Baum,0
Gehilfe,0
Arbeit,0
Winkeldrei,0
Wirklichkeit,0
ordnung,0
Relief,0
Körnung,0
Stern,0
Idylle,0
Erbauer,0
Pyramide,0
Stufenpyramide,0
Knolle,0
Gestein,0
Grieche,0
Kolibri,0
Flug,0
Sockel,0
Felsgestein,0
Name,0
Titel,0
Zusatz,0
Text,0
Pharao,0
Gegenwart,0
Anmut,0
Falle,0
Höhlung,0
Edelstein,0
Eisenoxid,0
Manganabsätzen,0
Gegenteil,0
Denken,0
Existenzweise,0
Erleuchtung,0
Blendung,0
Mal,0
Kunst,0
Ende,0
Pflanze|Pflanzen,0
Erde,0
Nahrung,0
Verwirr,0
Gestalt,0
Schlafwandler,0
Klarheit,0
Übrig,0
Schärfe,0
Blindheit,0
Schenkel,0
Winkel,0
Deltas,0
fast,0
Palm,0
Anblick,0
Art,0
Siegel,0
Formenwirrwarr,0
Leser,0
ve,0
hältnis,0
Einsenkung,0
Hexagone,0
sein,0
Ansicht,0
Heftigkeit,0
Krampf,0
Stelle,0
Sortiment,0
Gerätschaft,0
Erfindung,0
Wunderstein,0
Bewegung,0
Brücke,0
Universum,0
Blickwinkel,0
Messer,0
Kerbe,0
Bruchkäme,0
Bessere,0
zwang,0
Masse,0
Herkunft,0
Spirale,0
Geometrie,0
Fisch|Fischen,0
Wesen,0
Kristallausbildung,0
Eintritt,0
Leben,0
Schrift,0
Firmament,0
Sigillographie,0
Formenvorrat,0
Bewunderung,0
Modell,0
Nachbildung,0
Gauklertrick,0
Datum,0
Faksimil,0
Ausdruck,0
posthum,0
bedeutung,0
Aufbau,0
Skelettsubstanz,0
Siliziumoxid,0
Momentaufnahmen,0
Männchen,0
Kante,0
Antenne,0
Palp,0
Saft,0
Fieber,0
Anstifter,0
Tumulten,0
Faltung,0
Quctschung,0
Ubergang,0
Gelehrsamkeit,0
Trugbild,0
Festigkeit,0
Materie,0
Roheit,0
Akteur,0
Drama,0
Zitat,0
Bruchstück,0
Welle,0
Gewände,0
Hauptfest,0
Athener,0
Ehre|Ehren,0
Himmel,0
Welt,0
Flechtwerk,0
Gat,0
Flattern,0
Verhärtung,0
Zeitraum,0
Maler,0
Körper,0
Täuschung,0
Analogie,0
Vliese,0
Vegetation,0
Tüpfelung,0
Unsterblichkeit,0
Reservat,0
Schichten,0
Decke|Decken,0
Treppe,0
Besucher,0
Geist,0
Seide,0
Flecken,0
Rand,0
Drittel,0
Länge,0
Abbild,0
Röhre,0
Radiusvektor,0
Ring,0
Kraft,0
Schädeldachs,0
Abschnitt,0
Ammonit,0
Teig,0
Saum,0
Traueranzeige,0
Stoff,0
Letter,0
Streifen,0
Ding,0
Schlange,0
Rache,0
Explosion,0
schrag,0
Abzweigung,0
Gemenge,0
Gäng,0
Gedärmen,0
Weise,0
Teil,0
Geschmeidigkeit,0
Offnung,0
nutzen,0
Blase,0
Ufer,0
Vorhang,0
Architektur,0
Limonit,0
Gel,0
Zeichnung,0
leppich,0
Geratewohl,0
Quarzleist,0
Untersuchung,0
Begriff,0
Uberlagerung,0
Farbe,0
Weitung,0
Überrest,0
Tümmer,0
Esse,0
Definition,0
Alphabet,0
Medaille,0
Phalli,0
Eichel,0
Halbinsel,0
Einschnitt,0
links,0
Priesterin,0
Zehenspitzen,0
Verwir,0
rung,0
Metapher,0
Konkurrenz,0
Interesse,0
Nadel,0
Blitz,0
Druck,0
Seinsweise,0
Wust,0
Benennung,0
Vermutunge,0
Mühe|bemühen,0
Verzückung,0
Gefälle,0
fall,0
Abstufung,0
Horizont,0
Grenze,0
Anhaltspunkt,0
Stiel,0
Eindrucken,0
Komposition,0
Gleichgewicht,0
Nüchternheit,0
Eindruck,0
Wörterbuchen,0
Element,0
Bedürfnis,0
Nostalgie,0
Blütenblätter,0
tung,0
Symbol,0
Eck,0
Vordachs,0
Nasengrat,0
Erscheinung,0
Gesicht,0
Botschaft,0
Allegorie,0
Mythologie,0
Turm,0
Planet,0
Aggregate,0
Bauwerk,0
Epitheton,0
Ahnlichkeit,0
Koinzidenz,0
dritt,0
Unersetzlich,0
Austausch,0
Vorrang,0
Okonomie,0
Steinschneider,0
Spitze,0
Gewölbeboge,0
Rind,0
Hand,0
Boden,0
Knochen,0
Ungeziefer,0
Spalte|Spalten,0
Gesetz,0
Schritt,0
lösung,0
Möglichkeit,0
Aufgabelung,0
Aus,0
Eindicken,0
Vogelscheuche,0
Erfahrung,0
Mystiken,0
Theologie,0
Anordnung,0
Schicksal,0
Veränderung,0
Zentrum,0
Blütenkrone,0
Gefangene,0
Einsamkeit,0
Verwandtschaft,0
Kalligraphie,0
Genese,0
Struktur,0
Ast,0
Aussehen,0
Exemplar,0
Eingeweidehaufen,0
Schuppe|Schuppen,0
Beschreibung,0
ehest,0
Logik,0
Areal,0
Dürr,0
Schrei,0
Vergnügen,0
Mifhelligkeit,0
Zauber,0
Spitzengewe,0
Einschluß,0
Raub,0
Verunglimpfung,0
Verheerung,0
Rang,0
Jungfrau,0
Umriß,0
Verwachsungsstruktur,0
Anätzen,0
Meteoreisenflächen,0
Achat,0
Nische,0
Tiefschwarz,0
Natur,0
Plan,0
Muster,0
Wind,0
Tektonik,0
Kristallographie,0
Beständigkeit,0
Neigung,0
Ge,0
Querschnitte,0
Oberfläche,0
Profil,0
Stück,0
Harmonie,0
Kühnheit,0
Schaden,0
Dichte,0
Typographie,0
regel,0
Koordinatensystem,0
2.T.,0
Institution,0
Zirkel,0
Schacht,0
Vielecke,0
Kreis,0
Erinnerung,0
Geg,0
Bejahung,0
Hochmut,0
Gelände,0
Wasserhaushalt,0
Grundge,0
Gegenstand,0
sung,0
Gipskristalle,0
ge,0
Marmorfarbe,0
Wand,0
Abend,0
Abglanz,0
Nacht,0
könig,0
Unebenheit,0
Merkzeichen,0
Anlaß,0
Gewebe,0
Zau,0
Raupe,0
Grundmuster,0
Erstaunen,0
Fetzen,0
Wucherung,0
Lavis,0
Schiller,0
Stroh,0
Rauch,0
Feenwerk,0
Haar,0
Zwischenwand,0
Schattenspiel,0
Schatten,0
Magnetits,0
Eisenglanz,0
Strich,0
Kryptogame,0
Moose,0
Specularit,0
Hörner,0
Augenhöhl,0
Zwillingsbrunnen,0
Chaos,0
Diagonale,0
Leichtigkeit,0
Wunde,0
Zuschnappe,0
Künstler,0
Zunge,0
Quarznadel,0
Starre,0
Prismus,0
Rampe,0
Winkeldreieck,0
Mitte,0
Motiv,0
enden,0
A,0
Maul,0
Hammerhais,0
Stille,0
Gedanke,0
Aufzug,0
Unterschied,0
Schmuckschrift,0
Haupttext,0
Ritze|Ritzen,0
Glimmer,0
Gips,0
Muschelschale,0
Kalk,0
Nähe,0
Schinderei,0
Haarrisse,0
Wechsel,0
Feuerwerksraket,0
Paroxysmus,0
Gelassenheit,0
Rede,0
Blattwerk,0
Aufprall,0
Schnitt,0
Porzellanplätt,0
Djoser,0
Gitter,0
Substanz,0
Pollen,0
umgekehrt,0
Reihe,0
Konfrontation,0
Vorgänge,0
Netz,0
Faser,0
Gesamtinventar,0
Zivilisation,0
Schriftzeichen,0
Silicium,0
Silentium,0
Chiffre,0
Weisheit,0
Taschenbuchausgabe,0
text,0
Zufallswurf,0
Einverständnis,0
Schreckgespenster,0
Aufeinandertreffen,0
Kristallisation,0
Disziplin,0
Begriflskud,0
Daune,0
Sei,0
Augenblick,0
Trost,0
Splitter,0
Vorzeit,0
Gitternetz,0
Faden,0
Hindernis,0
Fall,0
Syntax,0
Peripetie,0
Abwesenheit,0
Senkrecht,0
Bänder,0
Uberlieferung,0
Entsprechung,0
Tal,0
Bez,0
Fas,0
Nerv|Nerven,0
Flüssigkeit,0
Salze,0
Inklusion,0
Farbigkeit,0
Jaspise,0
Einzelstücken,0
Hügellandschaft,0
Pyramiden,0
Haupt,0
Ruhm,0
Uberfluß,0
Gemälde,0
Hin,0
Her,0
Tau,0
Gallert,0
Versammlung,0
Bort,0
Schrägfläche,0
Klinge|Klingen,0
Querschnitt,0
TForm,0
Auster,0
Schale,0
Unterbre,0
Leuchtturm,0
Ausgießung,0
Person,0
Gott,0
Achse,0
Brand,0
Moments,0
Zustand,0
Spiegel,0
Verwaltung,0
Operation,0
Maß,0
Rauchschwaden,0
Garbe,0
Manganits,0
Sträuße,0
Inschrift,0
Destillation,0
Rasiermesser,0
Obsidiankling,0
Präsenz,0
klar,0
Schlösser,0
Kormoran,0
Tauchgang,0
wasser,0
Feilspan,0
Gebäude,0
Dorn,0
Feuer,0
Grat,0
Wasserstrahl,0
Festung,0
Qitter,0
Pfeiler,0
Panzer,0
Aderchen,0
Untersatz,0
Pinsel,0
Stufe,0
Zusammenhang,0
Podest,0
Pylon,0
unter,0
Vermählung,0
Unsichtbarem,0
glänzendem,0
Landschaft,0
Ungeheuer,0
Bündel,0
Platte,0
Archive,0
See,0
geis,0
Kube,0
Salzes,0
Gerüste,0
Hampelmann,0
Bildnis,0
Kette,0
Feld,0
Zittern,0
Kursivschrift,0
klammern,0
Bauweise,0
Stoffhat,0
Quarz,0
Lagerstätte,0
Opfer,0
Psalmodie,0
Unbedarftheit,0
Bedeutung,0
Signatur,0
Sinn,0
Umhüllung,0
Sche,0
Instrument,0
erst,0
Eigentümlichkeit,0
Felsen,0
Gesetzgebung,0
Kalzits,0
gleich,0
Reiz,0
Kettenglied,0
Gerad,0
Konsequenz,0
Phantasie,0
Passant,0
Pflaume,0
Aufrage,0
Lini,0
Mund,0
Entwurf,0
Schlichtheit,0
Licht,0
Elektrizität,0
Heupferdchen,0
Peitsche,0
Rudel,0
Mammute,0
Stoßzähne,0
spitz,0
Material,0
Käferart,0
Schmetterlingsart,0
Minerale,0
Leerstelle,0
derung,0
Kalksteine,0
ziegel,0
Stelle|Stellen,0
nichts,0
Zwilling,0
Sprache,0
laut,0
Warnung,0
Rune,0
Feucht,0
Pigment,0
Bojen,0
Wappen,0
Schrag,0
Gesichtsrest,0
Mutmaßen,0
Belch,0
nung,0
Tetracder,0
Schliff,0
Mangel,0
Einfachheit,0
rußschwarze,0
Grund.,0
Silhouette,0
Insekt,0
Ausgestaltung,0
Strahlenkranz,0
Schrecken,0
Sandweite,0
Metall,0
Bildung,0
Händ,0
Armel,0
Vorgebirge,0
Stierkämpfen,0
Umzug,0
Chromosom,0
Kräf,0
Bügeleisen,0
Wäschestück,0
Samenkörner,0
Duft,0
Maschinerie,0
Druse,0
Bedeutungslosigkeit,0
wachsend,0
Auflösung,0
Band,0
Dünung,0
Gekräusel,0
Schäfchenwolke,0
Abwanderungsbewegung,0
Risse,0
Schlammwüste,0
Hügelkette,0
Anhäufung,0
Volume,0
Rundung,0
französisch,0
Polygone,0
Büsche,0
Dick,0
Zusammenklang,0
Gehäuse,0
Mollusko,0
Gebot,0
Halbkreise,0
Heiligtum,0
Grab,0
Funken,0
Fluch,0
Klein,0
Großbuchstabe,0
Feldspat,0
Absicht,0
jenseits,0
Zufall,0
Herold,0
Erhabenheit,0
Gedächtnis,0
Vogel,0
For,0
Einfallsreichtum,0
Adel,0
Schönheit,0
Arm|Arme,0
Gestirn,0
Szene,0
Organ,0
Erscheinen,0
Zahlenverhältnisse,0
Gefug,0
Aufruhr,0
Konfiguration,0
Steine,0
Felsbrocken,0
Werkzeug,0
Waffe,0
Arm,0
Telegraph,0
Vorsprünge,0
Abstrahlung,0
Zistern,0
Morgenröte,0
Ursprung,0
Entflammen,0
Jucken,0
Funktion,0
Dienstbarmachung,0
Vorahnung,0
Anfang,0
Widerstand,0
Skizze,0
Wiederholung,0
Meditation,0
Fehler,0
Organismus,0
Kieselsäure,0
Dampfausströmung,0
Stil,0
Energie,0
Städteansicht,0
Sce,0
Winterschlaf,0
Bau,0
Halbkugel,0
Radiolarie,0
Traum,0
Platon,0
Rätsel,0
Blau,0
Ausnit,0
zung,0
Rhomboeder,0
Flügel,0
Schmetterling,0
Firnkrust,0
Kalzit,0
Rechtecke,0
Verwachsung,0
Dendrit,0
Beziehung,0
Reuse,0
Strebe|Streben,0
Zahl,0
Diamante,0
Wasser,0
Gewicht,0
Abstumpfung,0
Schiefe,0
Ausstreuung,0
Klinge,0
Takclage,0
Staub,0
Sporne,0
Blick,0
Bezirk,0
Scheibe,0
Meer,0
blasen,0
Durchbruchen,0
Armut,0
Mangandendrit,0
Gestaltung,0
Schachtelhalm,0
Moosfarnen,0
Tunnel,0
Maulwurfsbau,0
Zuchthaus,0
Verschanzung,0
Pfeil,0
Oberkörper,0
Bauch,0
Schloß,0
Grund,0
Kuddel,0
Bogen,0
Schauder,0
Schauende,0
Uberfülle,0
Wirrnis,0
Intarsie,0
Auswaschung,0
Salz,0
Austrocknung,0
Gegensatz,0
Steinhändier,0
Gruppe,0
Bilderwelt,0
Geständnis,0
Schreibung,0
Innern,0
Alge,0
Baumstamm,0
Schaufelrad,0
Ubersetzung,0
Symme,0
Becken,0
Auswüchse,0
Schwebeteilchen,0
Schreiben,0
Referenz,0
Partikel,0
Strategie,0
Ener,0
Augenhöhle,0
Augapfel,0
Grün,0
Violett,0
Bistertöne,0
Vorhandensein,0
Abdruck,0
Album,0
Grott,0
Weihe,0
Beunruhigung,0
Herrschaft,0
Takt,0
Sachtheit,0
Schicht,0
Muß|Sträuße,0
Prozession,0
Schlegel,0
Reden,0
Kieselgestein,0
Lösungsmittel,0
volle,0
Gedankengymnastik,0
Schatz,0
Schauspiele,0
Gebilde,0
Beleidigung,0
Unterseite,0
Einbuchtung,0
Kataloge,0
Schlamm,0
Fallschirm,0
Antwort,0
Abflug,0
Unterarm,0
Händler,0
Unreinheit,0
Schleier,0
dämpfen,0
Schwachstelle,0
Adle,0
Opuntie,0
Gewitterregen,0
Achate,0
Kalzitgarbe,0
Bündelung,0
zurücklieg,0
Ordnung,0
Rau,0
Dunkel,0
Ton,0
Bienenkörbe,0
Orgelpfei,0
Besessenheit,0
Kürbis,0
Auftei,0
lung,0
Zwischenraumes,0
Repertoire,0
Tempel,0
Gerät,0
Stamm,0
Leim,0
Ferment,0
Spur|Spuren,0
Wellenbewegung,0
Haufen,0
Elem,0
Bombe,0
Zöpfen,0
Hauch,0
Aneinanderreihung,0
Pflanzenteil,0
Unterlage,0
Küste,0
Sand,0
Laub,0
Verstein,0
Sykomor,0
Gemäuer,0
Fuge,0
Schachbretter,0
Parallelverschiebung,0
Reflexion,0
Fahne,0
Hißtau,0
Ganze,0
Idee,0
Siegelfläche,0
Beschäftigung,0
Ablage,0
Ungeduld,0
Kriterium,0
Schwebe,0
Vereisung,0
Balken,0
Querstreb,0
Kernphysiker,0
Umlauf,0
Vor,0
Stellung,0
Prinzip,0
Stier,0
Buchstabe,0
Pfähle,0
Kinderhand,0
Strichmännchen,0
Basis,0
Mann,0
Steinbuch,0
Stoßkraft,0
Anprall,0
Abfolge,0
Kurve,0
Tränenwinkel,0
Glut,0
Quer,0
Pinselspitze,0
Strichen,0
Seele,0
ausgemergel,0
Fleisch,0
Formel,0
Harmonik,0
Felsgesteine,0
Elementar,0
Schlafwandeln,0
Einbildungskraft,0
Schlupfwinkel,0
Feststellung,0
Abwehrgest,0
Ex,0
kranker,0
Asche,0
Leinwandfetzen,0
lauten,0
Ruhe,0
Auslage,0
Nadeln,0
Tat,0
Bildersteine,0
Bearbeitung,0
Jahrtausend,0
Sammlerstücke,0
Mineraler,0
Bezeichnung,0
Mineralart,0
Ergebnis,0
holung,0
Wunder,0
Eleganz,0
Dahlienblütenblätter,0
Zusammenhalt,0
Blasenhohlräumen,0
Ergußgestein,0
Scit,0
Felswand,0
Stel,0
Punktierung,0
Alphabete,0
Bohrturm,0
Sehne,0
Kugel,0
Weltreich,0
Spur,0
Wind|Minde,0
Lesesaal,0
Luftzug,0
Skelette,0
Kelche,0
Wachstum,0
Riß,0
Umgebung,0
Vehikel,0
Plättchen,0
Ausnahme,0
Satz,0
Breite,0
Vorderseit,0
at,0
Wert,0
reif,0
Lid,0
Weg,0
Gliederpuppe,0
Mineralogie,0
Erosion,0
Karmesinrot,0
Schleimhäute,0
Nebel,0
brauen,0
Kreisboge,0
Haartracht,0
Verdopplung,0
Mißlichkeit,0
Mauer,0
braun,0
Umrib,0
Trägheit,0
Formenreichtum,0
Verbannter,0
Drehpunkt,0
Fach|Fächer,0
Kreuzblütler,0
Lavur,0
Heereskart,0
Ausgangspunkt,0
Höhe,0
Heiligkeit,0
Einheit,0
Hitze,0
Platzregen,0
Fröm,0
Segen,0
Scheibenrand,0
Grotte,0
Folge,0
Lineal,0
Fall|Fällen,0
Einzelheit,0
Zersetzung,0
Strand,0
Fischlarve,0
Furchen,0
Korn,0
Mietshaus,0
Wohnung,0
Verstockung,0
Einheitlichkeit,0
Zinnen,0
Gesims,0
Reflexe,0
Dimension,0
Größe,0
Alter,0
Strecke,0
Helm,0
Schnce,0
Aufheiterung,0
Spinnennetz,0
Bescheidenheit,0
Seitenflächen,0
Abstand,0
mit,0
Gewürz,0
Vorherr,0
Auseinandersetzung,0
Stärke,0
Ingrimm,0
Weinrot,0
Unordnung,0
Rille,0
Tönung,0
Zugang,0
Pyrrhus,0
Essay,0
Geheimnis,0
Kunstfertigkeit,0
Rechteck,0
Palimpsest,0
Saison,0
Deutlichkeit,0
Ockerfarbe,0
Tod,0
Schau,0
nicht,0
sternis,0
Fest,0
Gatte,0
gung,0
Metallurge,0
Schmieden,0
ein,0
Jungfrauen,0
Fältchen,0
Anzeichen,0
Oxydation,0
Erschauer,0
Ermunterung,0
breit,0
Stummheit,0
Ernst,0
Verschiebung,0
Schächt,0
Schachbrettmuster,0
Eingebung,0
Spielraum,0
Philosophenschule,0
Antike,0
Propyläen,0
Säulenvorhalle,0
Stierschädel,0
Feige,0
Bruchsteine,0
Punkt,0
Ausbauchung,0
Polygon,0
Handstücke,0
Pflanzenwuch,0
Dunkelheit,0
Anstoß,0
Grobheit,0
Ausstrahlung,0
Halbkreis,0
Schrein,0
Quarznadeln,0
Geflecht,0
Portalvorbau,0
Moschee,0
Ziegelrot,0
Heuschrecke,0
Zeit,0
Schluß,0
Syllogismus,0
Geduld,0
Anschliff,0
Bildnerin,0
Obers.,0
chne,0
Folterer,0
Schuppe,0
Ziegel,0
Unermeblichkeit,0
ab,0
Göttlich,0
gewiß,0
vasto,0
Mystik,0
Bestreben,0
Fal,0
Bescheid,0
Ausschen,0
münden,0
Sorge,0
Verstecke,0
Gespenst,0
Schauspieler,0
Zelcbrant,0
Tag,0
Herr,0
Detail,0
Frau,0
Verständnis,0
Juwelier,0
Mulde,0
Format,0
Stüber,0
Meisterwerk,0
Aushöhlung,0
Liebkosung,0
Felsmasse,0
Gefängnis,0
Vermerk,0
Anschein,0
Gärtner,0
Verdacht,0
Gewitterabend,0
Schild,0
Edelsteinmauer,0
betrug,0
Manipulation,0
Preis,0
Untergang,0
Unterholz,0
Rahmen,0
Schimmels,0
Entste,0
hung,0
Erklärung,0
reppe,0
Win,0
Gespenster,0
Gestalt|Gestalten,0
Perspektive,0
Adular,0
Minute,0
Spaltbarkeit,0
Gleichklang,0
Feuchtigkeit,0
Messung,0
Flächenwinkel,0
Apparat,0
Liebe,0
Gewölbe,0
Sammler,0
Abgr,0
Kreuz,0
Hals,0
Halseisen,0
Verwitterung,0
Rückwand,0
Winkeldreiecke,0
Blitze,0
Salztreppe,0
Matrix,0
Grundlage,0
Gegenstück,0
Ferne,0
Verzögerung,0
Podium,0
Pfuhl,0
Wandschirm,0
Furor,0
Galerie,0
Frost,0
Mathematikers,0
Vertiefte,0
Erstarrung,0
Kristallgesetz,0
Dolch,0
Umrandung,0
Chemisette,0
Hebel,0
Gleichgewichtswaage,0
Stütze,0
Vorrecht,0
Niveau,0
Summe,0
Sieg,0
Niederlage,0
Hämatit,0
Blitzen,0
Wurfspießen,0
etwas,0
Streichung,0
Geruch,0
Schmutzfleck,0
Befeuchtung,0
Opferaxt,0
ranke,0
Mädchen,0
Nachahmung,0
Spielzeug,0
fünf,0
Gründerkaiser,0
Glanzlichter,0
Schriftgranit,0
Textkolonnen,0
Sediment,0
Grad,0
Maske,0
Offnungen,0
Luft,0
Genauigkeit,0
Autor,0
Sandfläche,0
Platz,0
Berg,0
Knospen,0
Kunststücke,0
Anastomose,0
Rose,0
Diatomee,0
Orgel,0
Dörfchen,0
Landschaftsstück,0
Wirkung,0
Hinblick,0
Markierung,0
Aufmerksamkeit,0
Widmung,0
Abwechslung,0
Potential,0
Lichtglanz,0
riß,0
Finsternis,0
Beispiel,0
Bedingung,0
Strahl|Strahlen,0
Wellenring,0
Leitungsbahne,0
Ader,0
Sack,0
bung,0
Photographie,0
Quadratzentimeter,0
Wabe,0
Krepp,0
Schwarm,0
Porzellane,0
Rot,0
Glück,0
Kondensation,0
Ungestalt,0
Knorr,0
Himmelsgewölbe,0
Haarschwamm,0
Gesamtanordnung,0
Füllung,0
senkrecht,0
Stichfolge,0
Schatzkammer,0
Wasserfall,0
Delir,0
Flämmchen,0
Jagd,0
Tropfen,0
Regenguß,0
Stunde|Stunden,0
Entschlüsselung,0
Spiel,0
Parodie,0
Zuflucht,0
Schlußwappe,0
Kalkstein,0
Draperie,0
Schubfächer,0
Winkel|Winkeln,0
Flucht,0
Dämmerung,0
Geistergarnel,0
Fühlfaden,0
Scherbenge,0
kung,0
Enthaltsamkeit,0
Materic,0
Jahrhundert,0
Monat,0
Brunnen,0
Regen,0
Heroldsstücken,0
Flügeldecke,0
Bein,0
Kopf,0
Bretter,0
Grenz,0
Chronologie,0
Physik,0
Zeremonie,0
durchzusetz,0
formation,0
Kapil,0
Baumeister,0
Vlies,0
Oberlieferung,0
Widder,0
Gottheit,0
Tier,0
Bucranium,0
Helligkeit,0
Fensterschlitze,0
Leib,0
Saite,0
durchdacht,0
Skandie,0
weit,0
G,0
Eingang,0
Ausgang,0
Blatt,0
Flacker,0
Dreh,0
Lochstreifen,0
kreativ,0
Caillois,0
Kunstanstrengung,0
Endes,0
Enttäuschung,0
Plattform,0
Schlußterrasse,0
gefährlich,0
Secle,0
Auftauchen,0
Weiterentwicklung,0
Wall,0
Hecke,0
Gewalt,0
Riffe,0
Loch,0
Zartheit,0
Unveränder,0
Unfaßlich,0
Filigran,0
bedeutende,0
Erkenntnis,0
Ganzheit,0
Paradox,0
Ausgabe,0
Schwester,0
Zelebrant........I..II.I.,0
Beweis,0
miniatur,0
Pulver,0
Schrank,0
eroberungs,0
Lebhaftigkeit,0
Geraden,0
Signal,0
Moment,0
Morgennebel,0
Zauberer,0
Makel,0
Gemmologie,0
Schönheitsmerk,0
kargst,0
gi-,0
Menschenpflanze,0
Quelle,0
Freude,0
Gesichtspunkt,0
aus,0
Verteilung,0
beschaffen,0
Grundmauer,0
Baustein,0
Hammer,0
Vorfahr|Vorfahren,0
Vorrichtung,0
Industrie,0
Architekt,0
Lichtstrahl,0
Tusche,0
Invention,0
Beharrlichkeit,0
Balke,0
Schüler,0
Ansätzen,0
Lotterie,0
Hohlformen,0
lebende,0
Eigenschaf,0
Saat,0
Einbalsamierer,0
Hülle,0
Träumerei,0
Erzeugnis,0
Kunstfleiß,0
wirken,0
Kunstwerk,0
Erregung,0
Einsickerung,0
Jäger,0
dünnst,0
quasi,0
Ewigkeit,0
Zwischenräumen,0
Kalkpanzers,0
Erdstoß,0
Krümmung,0
Um,0
Mineralienhändler,0
Mergelkonkretion,0
Los,0
Darstellung,0
Ruß,0
Verdickung,0
Trophäe,0
Schöpfung,0
Umkehrmodell,0
Wucht,0
Dampf,0
Anti,0
Kreuzung,0
Lesart,0
Jaspis,0
Vollkommenheit,0
Abbruch,0
Keim,0
Nichtigkeit,0
Wür,0
Schicksalslaune,0
Zone,0
Riesenkakteen,0
I,0
Kopffortsatz,0
Schnauz,0
Dreiecksstumpf,0
Pyrite,0
Sonne,0
Versuch,0
Fachidiotie,0
Lösung,0
nachdenken,0
Ort,0
Quadrant,0
Blätter,0
Kristallnadeln,0
Panik,0
Blick|Blicken,0
Binde,0
Pinselstrich,0
Gürt,0
defekt,0
Rig,0
Uberraschung,0
Abstoßend,0
Unterlaß,0
Elend,0
Vergil,0
Schwimmvogel,0
Prozeß,0
Philosophie,0
Umfeld,0
Hexagon,0
Geologie,0
Vorbild,0
tief,0
Mim,0
Verbindung,0
Blut,0
Lymphgefäßen,0
Zwischenraum,0
Geschöpfim,0
Extremität,0
ei,0
Wasserstand,0
Lauheit,0
Kaubewegung,0
Aufbaus,0
Mannigfaltigkeit,0
Klangfarbe,0
Opazität,0
Propellerblätter,0
Stange,0
Kartenbild,0
Geschäftigkeit,0
Mienenspiel,0
Verhältnis,0
Qualität,0
Gemüsegart,0
Erntefeld,0
Baumschule,0
Gewässer,0
Tor,0
Leerraum,0
Muskel,0
Gültigkeit,0
geblieben,0
Sekret,0
Zierbuch,0
Be,0
zeichnung,0
Landschaftsstein,0
Elfenbeinkugel,0
Zauberwirkung,0
Stufenleiter,0
Distel,0
Anar,0
Wahrscheinlichkeit,0
erfinden,0
Literatur,0
Mythos,0
poetische,0
Zoologie,0
Unterneh,0
Naturum,0
Ausdehnung,0
Fenster,0
Stromschnellenstrudel,0
Gegenlicht,0
Univer,0
Geschöpf,0
Invasor,0
Horde,0
Archivolte,0
Vorgehen,0
Spalte,0
Höhung,0
Kleck,0
Perystil,0
Balkon,0
Feuerhimmel,0
Totenhemd,0
Himbeeren,0
Brustwarz,0
Warzenhof,0
Banner,0
Verzahnung,0
sägen,0
Reihung,0
Zauberwerk,0
Urin,0
Ungleichgewicht,0
Herausforderung,0
Feston,0
Bolzen,0
Bahn,0
Gang,0
Rutil,0
System,0
Marter,0
Aufschub,0
Fähigkeit,0
Planeten,0
Bevorzugung,0
Kosten,0
Bruder,0
Kaskade,0
Winkels,0
Grabform,0
Agypte,0
Aufspaltung,0
Dreifläch,0
Riem,0
Sait,0
Strömung,0
Biegung,0
Glie,0
Druckseit,0
Dreiccke,0
Portale,0
Schichtung,0
Wolke,0
Trope|Tropen,0
Gehalt,0
Platane,0
Vokal,0
Kirche,0
Göttlichkeit,0
Handlung,0
Echtheit,0
Produkt,0
Gchäuse,0
Klassifizierung,0
Umgekehrte,0
Rüssel,0
Nachtfalter,0
Familie,0
Polarlichter,0
Festungsanlage,0
Waldbrand,0
Schwund,0
Papierdrachen,0
Fuß,0
Vertiefung,0
Doppelband,0
Goniometrie,0
Ziegenanteil,0
Erstarr,0
Beben,0
Festungsachat,0
Hartteil,0
Euklid,0
Rund,0
Heft,0
Anwesenheit,0
Erdölblase,0
Wassertropfen,0
Sanduhr,0
Gegebenheit,0
Dicke,0
Telefonbücher,0
Stofflichkeit,0
Brennspiegel,0
Versprechen,0
Schlußwände,0
Haken,0
Fisch,0
Schlaganfall,0
Sturz,0
Unerschütterlich,0
Drohung,0
Wahl,0
Vollendung,0
Vögelchen,0
Melodie,0
stumpf,0
Klüfte,0
Zittertierchen,0
Spindel,0
Uberblick,0
Mineralreich,0
Erschöpfung,0
Silber,0
Trug,0
Schneid|Schneide,0
Bemühung,0
Lebenswille,0
Berechnung,0
Satin,0
Tinte,0
Flechte|Flechten,0
Ablagerung,0
Rosenkranz,0
Schachbrett,0
Braut,0
Milch,0
Notiz,0
Mineralie,0
Trümmer,0
Einbil,0
Donjon,0
Strebepfeiler,0
Schwierigkeit,0
Beistand,0
Kie,0
Laternenträger,0
Wurzel,0
dunkle,0
Laune,0
Strudel,0
Aufnahme,0
Gesebenheit,0
Tetraeder,0
Sauerstoff,0
atom,0
We,0
Oberläufer,0
Gelas,0
Gebirgspaß,0
Unzuläng,0
Kalksteinster,0
Rhythmisierung,0
Atemstoß,0
Ehrfurcht,0
durch,0
Papiergeld,0
Anteil,0
Flächenkombination,0
Typus,0
Talk,0
Salzkube,0
Kristallgesetzen,0
Härte,0
Ritzbestecke,0
Weizenfeld,0
Raubvogels,0
Spaltflächen,0
Ankunft,0
Schmuckbuchstabe,0
Kniescheiben,0
Knöchelchen,0
Bilderstein,0
Ungezwungenheit,0
Gebet,0
Narwal,0
Nachwelt,0
Bewultsein,0
Rückkehr,0
Unterschiedslosigkeit,0
Brutalität,0
Vervielfältigung,0
Kathedrale,0
Aufzeichnung,0
Seismographe,0
ausschlagen,0
Barometer,0
Jura,0
Kreide,0
Gewand,0
edel,0
F,0
Vermutung,0
Morphologie,0
Schriftgranits,0
Regelmäßigkeit,0
Polyeder,0
Erstgeburtsrecht,0
Hauptdreieck,0
Symmetrie,0
Stele,0
Kakteen,0
Alchimie,0
Gespräch,0
Pyrenäum,0
Wort-für,0
Schleuse|Schleusen,0
Retor,0
Pfingsten,0
Tonleiter,0
Wegstrecke,0
Refugie,0
Haut,0
Hohle,0
Erdbeben,0
Orgasmus,0
Provinz,0
Karte,0
Bereich,0
Visitenkarte,0
Ubertragung,0
Fortführung,0
Offenbarungseid,0
Begrenzung,0
RiB.,0
TTal,0
Fassade,0
Rundweg,0
Herz,0
Narbe,0
Abnutzung,0
Zeil,0
Widerschein,0
Perspek,0
Eiffelturm,0
Goldsträhne,0
Glasmalerei,0
Quarzscheibe,0
violett,0
fade,0
Fangnetz,0
Saturn,0
Regengüsse,0
Hang|Hängen,0
Dornengestrüpp,0
Regenwürmer,0
Längsbalken,0
Träger,0
Querstreben,0
Gerüst,0
anzusetz,0
Kirch,0
Minarette,0
Pagoden,0
Spritzer,0
Tumult,0
Ebene,0
Wunderblock,0
Loblied,0
Dekor,0
Viereck,0
Verstümmelung,0
Quecksilber,0
Gesctzestafel,0
Stäbchen,0
festigung,0
Angriff,0
Sackgasse,0
Skeptizismus,0
Beutetier,0
Larve,0
Seiltänzer,0
Stielaug,0
Wirrwarr,0
Vereinzelung,0
Heiterkeit,0
Zusammentreffen,0
Einmischung,0
Unzahl,0
Gewinn,0
Verlust,0
Verschwe,0
dung,0
Himmelskarte,0
Handgelenk,0
Anschwemmung,0
Fluß,0
Siegelschrift,0
Würfelwurf,0
Mittelpunkt,0
Streifzug,0
Pilotenkanzeln,0
lebendige,0
Voraussetzung,0
Flint,0
formel,0
Suche,0
Ansturm,0
Antipoden,0
Unterteilung,0
weite,0
Atommodell,0
Druckseite,0
Todesdüster,0
Schlag,0
Verdunstung,0
lieben,0
Mäand,0
Trauer,0
Gewil,0
Gelöstheit,0
Häufung,0
Anderung,0
Ausrichtung,0
Gegend,0
Aberranz,0
Bosheit,0
Lüfte,0
Diamant,0
Grausamkeit,0
Terrasse,0
Mißtrauen,0
Nachbarschaft,0
Lebendige,0
Dolden,0
Zellulose,0
Ergötzen,0
Savanne,0
Dodekacd,0
Aderung,0
antik,0
Eis,0
Gerede,0
Blütenstaub,0
Streu,0
Zersplitte,0
Elektron,0
Schwerkraft,0
Halteseil,0
Teilung,0
Verteilungsdichte,0
Abdrücke,0
Pflanzenart,0
Wanderung,0
Beimengung,0
Spielart,0
dichten,0
überall,0
Verfestigung,0
Schlote,0
Mor,0
Kuppe,0
Kern,0
Autographe,0
Epiphanie,0
Verfinsterung,0
Rest,0
Umstand,0
Pharmazeutika,0
Stunde,0
Umkreis,0
Vorläufer,0
Zentrifugalkraft,0
Einfallswinkel,0
Wahrnehmung,0
Kleckse,0
Skandalon,0
Inventar,0
Erstaur,0
Steinblock,0
Zeugnis,0
Nemesis,0
Lädiert,0
Strünke,0
Müh,0
Felsnische,0
Bach,0
Silicitknolle,0
Bestandteile,0
abseit,0
S.,0
Einbildung,0
Farb,0
Kartonstreifen,0
Schriftwerdung,0
Rollvorhang,0
Lamelle,0
MiBerfolg,0
Saugen,0
Rosette,0
Vorlieb,0
Tuschzeichnung,0
Geographie,0
Vieldeutigkeit,0
Scheitern,0
Himmelsfeld,0
Geschick,0
Sammelbegriff,0
Siliziumoxids,0
Geschmack,0
feucht,0
Windstille,0
Fassung,0
Irrung,0
Pflichtvergessenheit,0
Halt,0
Bergkristall,0
Stoppel,0
Holz,0
Heptagone,0
Hautflügler,0
wissen,0
Glitzern,0
Löschblatt,0
Arbeitstisch,0
Stachel|Stacheln,0
Aufgabe,0
Signalsprache,0
bühne,0
Lied,0
Gestärkter,0
Tanzen,0
Erfoud,0
Erdreich,0
Mitteilung,0
Em,0
Bereitwilligkeit,0
leuchtung,0
Vereinigung,0
Zwang,0
Unterzeich,0
Rieselgestein,0
Kosmos,0
Aspirintablette,0
Guilloche,0
Dreiecken,0
Recht,0
Raute,0
Feigenanklang,0
Umschichtung,0
ldealzustand,0
Tran,0
Bindemittel,0
Reinigung,0
Gleichförmigkeit,0
Tastsinn,0
Abschluf,0
Kunstgalerie,0
Eiesel,0
Weltgegebenheit,0
Figu,0
Einsturz,0
Hohlgestalt,0
einspringende,0
Gegenstän,0
Atmen,0
Unsicherheit,0
bination,0
Trauerkleid,0
Lavafetzen,0
Fabeln,0
Spekulation,0
Puppe,0
Wortessschatte,0
ha,0
Raumaufteilung,0
Rhythmus,0
Gartenkunst,0
vieldeutig,0
Eisbänke,0
Zickzack,0
Seim,0
Mistelbeere,0
Ausdrucksform,0
Gcheimnis,0
Priest,0
Funkengewänd,0
Harpune,0
Rücken,0
Ozeans,0
Wolkenmeer,0
Schriftsteller,0
Strek,0
flachen,0
Pseudomorphose,0
Verwirrung,0
Onyx,0
Handinnenflächen,0
Unabhängigkeit,0
Vordringen,0
Feuerstein,0
Leitstern,0
Loslösung,0
Pythagora,0
Miniaturgart,0
Ernährungsapparat,0
Orthoklas,0
Block,0
Variation,0
Packeis,0
Bibliothek,0
Rechen,0
Gießkanne,0
Quersprosse,0
Kalifen,0
Tuscheherstellung,0
Ring|Ringen,0
Cailleis,0
Einver,0
ständnis,0
Genuß,0
Pflan,0
Laubwerk,0
Kalkschatulle,0
Graphit,0
Gemalde,0
Landschaftssteine,0
Widerhaken,0
Kohle,0
Trapez,0
Polveder,0
Dunstwolke,0
Schwamm,0
Chlorit,0
Eisigkeit,0
Konkre,0
Schallplatte,0
Strichprobe,0
Gedächtniß,0
Würfel,0
Schaums,0
Rinne,0
Belieben,0
grün,0
Schnur,0
Nachdenken,0
Gelegenheit,0
Aggregat,0
Königskrabbe,0
Rakete,0
Hohlraum,0
Gesteinsart,0
Musikinstrument,0
Extremfall,0
Schatt,0
Stümper,0
Verheißung,0
Vignette,0
Chance,0
Verlassenheit,0
Unterschlagung,0
Lage,0
leisten,0
Latte,0
